﻿Rank,EntryId,EntryName,TimeRemaining,Points,Lineup,,Player,%Drafted,FPTS
1,661638041,tastefultides,0,317.5,PG Jameer Nelson SG Seth Curry SF Dorian Finney-Smith PF Karl-Anthony Towns C Nikola Jokic G Russell Westbrook F Justin Anderson UTIL Devin Harris,,Karl-Anthony Towns,74.67%,58
2,661627201,Muleyhaven,0,317,PG Jameer Nelson SG Seth Curry SF Harrison Barnes PF Karl-Anthony Towns C Nikola Jokic G Victor Oladipo F Dorian Finney-Smith UTIL Rudy Gobert,,Seth Curry,72.49%,19.75
3,661627984,chuz73,0,313.75,PG Russell Westbrook SG Seth Curry SF Dorian Finney-Smith PF Harrison Barnes C Nikola Jokic G Jameer Nelson F Justin Anderson UTIL Devin Booker,,Harrison Barnes,48.47%,39.5
4,661550295,JayRocks,0,313,PG Jameer Nelson SG Seth Curry SF Justin Anderson PF Karl-Anthony Towns C Nikola Jokic G Victor Oladipo F Harrison Barnes UTIL Rudy Gobert,,Nikola Jokic,48.03%,64.5
5,661582077,btmaresca,0,302.75,PG Jameer Nelson SG Victor Oladipo SF Paul George PF Karl-Anthony Towns C Nikola Jokic G Seth Curry F Wilson Chandler UTIL Pierre Jackson,,Eric Bledsoe,41.92%,41.5
5,661582393,T_Raw,0,302.75,PG Jameer Nelson SG Seth Curry SF Dorian Finney-Smith PF Darrell Arthur C Nikola Jokic G Devin Harris F Karl-Anthony Towns UTIL Russell Westbrook,,Dwight Powell,37.12%,11.25
7,661526881,wackanation,0,302.25,PG Jameer Nelson SG Victor Oladipo SF Andrew Wiggins PF Karl-Anthony Towns C Steven Adams G Pierre Jackson F Harrison Barnes UTIL Nikola Jokic,,Russell Westbrook,35.37%,63.5
8,661521778,PozzaNotPizza,0,299.75,PG Jameer Nelson SG Seth Curry SF Justin Anderson PF Harrison Barnes C Nikola Jokic G Pierre Jackson F Andrew Wiggins UTIL Russell Westbrook,,Steven Adams,31.88%,23.25
9,661600801,ajmorstad,0,299.5,PG Jameer Nelson SG Seth Curry SF Harrison Barnes PF Karl-Anthony Towns C Nikola Jokic G Pierre Jackson F Paul George UTIL Gary Harris,,Rudy Gobert,28.82%,37.25
10,661562982,jaredoutlet,0,299,PG Jameer Nelson SG Seth Curry SF Andre Roberson PF Harrison Barnes C Nikola Jokic G Devin Booker F Karl-Anthony Towns UTIL Victor Oladipo,,Pierre Jackson,27.51%,18
11,661592635,rex21023,0,298.5,PG Russell Westbrook SG Seth Curry SF Justin Anderson PF Dwight Powell C Nikola Jokic G Devin Harris F Karl-Anthony Towns UTIL Jameer Nelson,,Jameer Nelson,27.51%,37
11,661635349,benstunner,0,298.5,PG Russell Westbrook SG Seth Curry SF Justin Anderson PF Dwight Powell C Nikola Jokic G Devin Harris F Karl-Anthony Towns UTIL Jameer Nelson,,Lou Williams,23.58%,27.25
11,661644734,wesg0902,0,298.5,PG Jameer Nelson SG Seth Curry SF Justin Anderson PF Dwight Powell C Nikola Jokic G Russell Westbrook F Karl-Anthony Towns UTIL Devin Harris,,Devin Harris,23.58%,18.25
14,661549995,jsharpee,0,298.25,PG Russell Westbrook SG Seth Curry SF Justin Anderson PF Karl-Anthony Towns C Nikola Jokic G Pierre Jackson F Dwight Powell UTIL Jameer Nelson,,Justin Anderson,23.14%,26.25
14,661582411,upaymahrent,0,298.25,PG Russell Westbrook SG Seth Curry SF Justin Anderson PF Karl-Anthony Towns C Nikola Jokic G Jameer Nelson F Dwight Powell UTIL Pierre Jackson,,Devin Booker,20.96%,33
14,661595401,weasel19,0,298.25,PG Russell Westbrook SG Seth Curry SF Justin Anderson PF Karl-Anthony Towns C Nikola Jokic G Jameer Nelson F Dwight Powell UTIL Pierre Jackson,,P.J. Tucker,18.78%,19.5
17,661642706,daveandmarsha,0,296.25,PG Jameer Nelson SG Seth Curry SF Harrison Barnes PF Wilson Chandler C Nikola Jokic G Ricky Rubio F Karl-Anthony Towns UTIL Devin Harris,,Danilo Gallinari,13.54%,37.75
18,661570800,twindad32,0,294.75,PG Eric Bledsoe SG Seth Curry SF Dorian Finney-Smith PF Karl-Anthony Towns C Nikola Jokic G Pierre Jackson F Harrison Barnes UTIL Steven Adams,,Gordon Hayward,13.10%,31.75
19,661611789,Jordyygolive,0,294.5,PG Devin Harris SG Seth Curry SF Justin Anderson PF Karl-Anthony Towns C Nikola Jokic G Ricky Rubio F Harrison Barnes UTIL Rudy Gobert,,C.J. Miles,12.66%,21.5
20,661579844,zoom_zoom,0,294.25,PG Eric Bledsoe SG Seth Curry SF Justin Anderson PF Karl-Anthony Towns C Nikola Jokic G Devin Harris F Wilson Chandler UTIL Danilo Gallinari,,Tyson Chandler,12.66%,16.75
21,661618850,justwin217,0,293.25,PG Eric Bledsoe SG Seth Curry SF Justin Anderson PF Karl-Anthony Towns C Nikola Jokic G Lou Williams F Danilo Gallinari UTIL Devin Harris,,Victor Oladipo,11.79%,30.75
22,661509494,kannon33,0,293,PG Eric Bledsoe SG Brandon Knight SF Paul George PF Harrison Barnes C Karl-Anthony Towns G Devin Harris F Justin Anderson UTIL Rudy Gobert,,Jeff Teague,11.35%,53.5
23,661652418,Sanchiize,0,292.5,PG Jameer Nelson SG Seth Curry SF Harrison Barnes PF Karl-Anthony Towns C Nikola Jokic G Devin Booker F Thaddeus Young UTIL Pierre Jackson,,Derrick Favors,10.92%,19.5
24,661493968,Fargobozo,0,291,PG Devin Harris SG Seth Curry SF Justin Anderson PF Karl-Anthony Towns C Steven Adams G Eric Bledsoe F Harrison Barnes UTIL Nikola Jokic,,Andrew Wiggins,10.92%,31.25
24,661564809,dblk88,0,291,PG Eric Bledsoe SG Devin Harris SF Justin Anderson PF Harrison Barnes C Nikola Jokic G Seth Curry F Karl-Anthony Towns UTIL Steven Adams,,Wilson Chandler,10.04%,28.25
24,661627581,jmryan1234,0,291,PG Jameer Nelson SG Seth Curry SF Harrison Barnes PF Karl-Anthony Towns C Nikola Jokic G Devin Harris F Shabazz Muhammad UTIL Eric Bledsoe,,Gary Harris,9.17%,16.25
27,661494994,tbruce1977,0,290.75,PG Russell Westbrook SG Victor Oladipo SF Justin Anderson PF Luol Deng C Karl-Anthony Towns G Brandon Knight F Darrell Arthur UTIL Nikola Jokic,,Darrell Arthur,8.73%,11.5
28,661526808,TMeach14,0,290.5,PG Russell Westbrook SG Nick Young SF Harrison Barnes PF Karl-Anthony Towns C Steven Adams G Lou Williams F T.J. Warren UTIL Brandon Knight,,Ricky Rubio,7.86%,31
28,661558198,bvosejpka,0,290.5,PG Pierre Jackson SG Jordan Clarkson SF Harrison Barnes PF Karl-Anthony Towns C Nikola Jokic G Lou Williams F Danilo Gallinari UTIL Tyson Chandler,,Thaddeus Young,6.55%,22.75
30,661522017,BiggGunz358,0,290.25,PG Jeff Teague SG Seth Curry SF Gordon Hayward PF Karl-Anthony Towns C Nikola Jokic G Pierre Jackson F C.J. Miles UTIL Steven Adams,,Shabazz Muhammad,6.11%,12.5
31,661554482,fishnkid5,0,289.5,PG Eric Bledsoe SG Devin Booker SF Justin Anderson PF Harrison Barnes C Nikola Jokic G Lou Williams F Danilo Gallinari UTIL Seth Curry,,Gorgui Dieng,5.68%,28.25
32,661512596,Voges001,0,288.5,PG Devin Harris SG Devin Booker SF P.J. Tucker PF Karl-Anthony Towns C Nikola Jokic G Jameer Nelson F Derrick Favors UTIL Zach LaVine,,Paul George,5.68%,46.5
33,661507282,Clafakis,0,288.25,PG Eric Bledsoe SG Seth Curry SF C.J. Miles PF Karl-Anthony Towns C Nikola Jokic G Devin Harris F Dwight Powell UTIL Jeff Teague,,Dorian Finney-Smith,5.24%,30.25
34,661632097,oakr8d,0,288,PG Pierre Jackson SG Devin Booker SF Harrison Barnes PF P.J. Tucker C Nikola Jokic G Seth Curry F Dorian Finney-Smith UTIL Russell Westbrook,,Enes Kanter,5.24%,12.5
34,661637602,Tmhsport,0,288,PG Eric Bledsoe SG Seth Curry SF C.J. Miles PF Dwight Powell C Nikola Jokic G Pierre Jackson F Karl-Anthony Towns UTIL Jeff Teague,,Brandon Knight,4.37%,25.75
36,661568977,NFCbears,0,287.75,PG Jeff Teague SG Seth Curry SF Paul George PF Karl-Anthony Towns C Nikola Jokic G Gary Harris F Dwight Powell UTIL Pierre Jackson,,George Hill,4.37%,31.25
36,661572613,katan20,0,287.75,PG Pierre Jackson SG Lou Williams SF Gordon Hayward PF Karl-Anthony Towns C Nikola Jokic G Jeff Teague F Darrell Arthur UTIL Steven Adams,,Jordan Clarkson,3.93%,28.75
38,661501906,milkmandad,0,287,PG George Hill SG Brandon Knight SF Justin Anderson PF Karl-Anthony Towns C Rudy Gobert G Jeff Teague F Gordon Hayward UTIL Steven Adams,,Kenneth Faried,3.93%,24
39,661644283,yzarc12345,0,286.25,PG Eric Bledsoe SG Lou Williams SF Danilo Gallinari PF Karl-Anthony Towns C Nikola Jokic G Seth Curry F Dwight Powell UTIL Justin Anderson,,Jamal Murray,3.06%,6.75
40,661647122,Steven_1974,0,286,PG Pierre Jackson SG Seth Curry SF Justin Anderson PF Karl-Anthony Towns C Steven Adams G Russell Westbrook F Harrison Barnes UTIL Danilo Gallinari,,Andre Roberson,3.06%,16.5
41,661523666,jordanh415,0,285.25,PG Devin Harris SG Seth Curry SF Harrison Barnes PF Karl-Anthony Towns C Nikola Jokic G Victor Oladipo F Andrew Wiggins UTIL Steven Adams,,Andrew Bogut,2.62%,8.75
42,661538570,gussler22,0,285,PG Ricky Rubio SG Seth Curry SF Danilo Gallinari PF Paul George C Steven Adams G Jameer Nelson F Justin Anderson UTIL Russell Westbrook,,Alec Burks,2.18%,14.25
43,661486392,BigFatMitch41,0,284.5,PG Jeff Teague SG Seth Curry SF Justin Anderson PF Karl-Anthony Towns C Rudy Gobert G Lou Williams F Gordon Hayward UTIL Victor Oladipo,,Zach LaVine,2.18%,38.75
44,661498807,Terper8,0,284,PG Pierre Jackson SG Devin Harris SF Justin Anderson PF Karl-Anthony Towns C Steven Adams G Russell Westbrook F Harrison Barnes UTIL Rudy Gobert,,T.J. Warren,2.18%,33.5
44,661521889,ImRexo,0,284,PG Devin Harris SG Seth Curry SF Harrison Barnes PF Karl-Anthony Towns C Rudy Gobert G Lou Williams F P.J. Tucker UTIL Nikola Jokic,,Luol Deng,1.75%,10.5
44,661546810,GuwopHome,0,284,PG Devin Harris SG Seth Curry SF Harrison Barnes PF Karl-Anthony Towns C Rudy Gobert G Lou Williams F P.J. Tucker UTIL Nikola Jokic,,Nick Young,1.75%,19.75
44,661596236,ReidBolin13,0,284,PG Devin Harris SG Seth Curry SF Harrison Barnes PF Karl-Anthony Towns C Rudy Gobert G Lou Williams F P.J. Tucker UTIL Nikola Jokic,,Brandon Ingram,1.31%,4.5
44,661646888,rambo08,0,284,PG Devin Harris SG Seth Curry SF Harrison Barnes PF Karl-Anthony Towns C Rudy Gobert G Lou Williams F P.J. Tucker UTIL Nikola Jokic,,Will Barton,1.31%,24
49,661621518,jrsteen35,0,283.75,PG Jameer Nelson SG Seth Curry SF P.J. Tucker PF Karl-Anthony Towns C Nikola Jokic G Jordan Clarkson F Harrison Barnes UTIL Tyson Chandler,,Myles Turner,1.31%,35.5
50,661613023,Jaywills23,0,283.5,PG George Hill SG Devin Harris SF Justin Anderson PF Karl-Anthony Towns C Rudy Gobert G Jeff Teague F Gordon Hayward UTIL Lou Williams,,Al Jefferson,1.31%,16
51,661566662,ewokewok007,0,282.75,PG Russell Westbrook SG Seth Curry SF Harrison Barnes PF Dwight Powell C Karl-Anthony Towns G Pierre Jackson F Justin Anderson UTIL Paul George,,Ivica Zubac,1.31%,31.5
52,661641906,yomoflow858,0,282.5,PG Jeff Teague SG Devin Booker SF Andrew Wiggins PF P.J. Tucker C Nikola Jokic G Seth Curry F Danilo Gallinari UTIL Steven Adams,,Larry Nance Jr.,0.87%,16.25
52,661651576,jouc_lyn,0,282.5,PG Jeff Teague SG Victor Oladipo SF Dorian Finney-Smith PF Gorgui Dieng C Enes Kanter G Ricky Rubio F Gordon Hayward UTIL Nikola Jokic,,Alex Len,0.87%,10.75
54,661521064,radelstein,0,282.25,PG Russell Westbrook SG Seth Curry SF Harrison Barnes PF Dwight Powell C Nikola Jokic G Lou Williams F P.J. Tucker UTIL Jameer Nelson,,Kris Dunn,0.44%,8
55,661618450,WhatleyPosse,0,282,PG Pierre Jackson SG Lou Williams SF Justin Anderson PF Karl-Anthony Towns C Nikola Jokic G Devin Booker F Gordon Hayward UTIL Steven Adams,,Joe Ingles,0.44%,21
56,661558227,Godot42,0,281.75,PG Russell Westbrook SG Seth Curry SF Larry Nance Jr. PF Dwight Powell C Nikola Jokic G Jameer Nelson F Darrell Arthur UTIL Karl-Anthony Towns,,Shelvin Mack,0.44%,0
57,661515179,ere5008,0,281.5,PG Jeff Teague SG Devin Booker SF Gordon Hayward PF Harrison Barnes C Nikola Jokic G Seth Curry F Dwight Powell UTIL Gorgui Dieng,,Marquese Chriss,0.44%,9
57,661547859,kiddcurry,0,281.5,PG Pierre Jackson SG Seth Curry SF Harrison Barnes PF Karl-Anthony Towns C Nikola Jokic G Lou Williams F Danilo Gallinari UTIL Tyson Chandler,,,
57,661550143,sub80golfer,0,281.5,PG Russell Westbrook SG Victor Oladipo SF Harrison Barnes PF Derrick Favors C Nikola Jokic G Jameer Nelson F Shabazz Muhammad UTIL Alec Burks,,,
57,661654803,Jimbobwae42,0,281.5,PG Pierre Jackson SG Lou Williams SF Andrew Wiggins PF Karl-Anthony Towns C Steven Adams G Seth Curry F Harrison Barnes UTIL Nikola Jokic,,,
61,661571635,ajtarkowski,0,281.25,PG Eric Bledsoe SG Victor Oladipo SF Harrison Barnes PF Kenneth Faried C Steven Adams G Lou Williams F Karl-Anthony Towns UTIL Jameer Nelson,,,
62,661495001,Jbull82,0,280.75,PG Jeff Teague SG Seth Curry SF Harrison Barnes PF Karl-Anthony Towns C Rudy Gobert G Devin Harris F Danilo Gallinari UTIL Tyson Chandler,,,
62,661556307,abul82,0,280.75,PG Jeff Teague SG Seth Curry SF Harrison Barnes PF Karl-Anthony Towns C Rudy Gobert G Devin Harris F Danilo Gallinari UTIL Tyson Chandler,,,
62,661612935,LukidFTFO,0,280.75,PG Pierre Jackson SG Seth Curry SF P.J. Tucker PF Dwight Powell C Karl-Anthony Towns G Russell Westbrook F Justin Anderson UTIL Nikola Jokic,,,
62,661645315,temporary,0,280.75,PG Jameer Nelson SG Seth Curry SF Andrew Wiggins PF Harrison Barnes C Nikola Jokic G Devin Harris F Karl-Anthony Towns UTIL Enes Kanter,,,
66,661586901,viewfromtop,0,279.5,PG Pierre Jackson SG Seth Curry SF Harrison Barnes PF Karl-Anthony Towns C Nikola Jokic G George Hill F Dwight Powell UTIL Rudy Gobert,,,
67,661532472,WinkyChrist,0,279,PG Jameer Nelson SG Seth Curry SF P.J. Tucker PF Karl-Anthony Towns C Nikola Jokic G Eric Bledsoe F Darrell Arthur UTIL Lou Williams,,,
67,661538577,winningwyatt,0,279,PG Devin Harris SG Seth Curry SF Harrison Barnes PF Karl-Anthony Towns C Rudy Gobert G Russell Westbrook F Dwight Powell UTIL Ivica Zubac,,,
67,661606028,msj212,0,279,PG Jameer Nelson SG Seth Curry SF Dorian Finney-Smith PF Karl-Anthony Towns C Tyson Chandler G Eric Bledsoe F Dwight Powell UTIL Nikola Jokic,,,
70,661507094,cmenza,0,278.5,PG Pierre Jackson SG Lou Williams SF Gordon Hayward PF Karl-Anthony Towns C Nikola Jokic G Eric Bledsoe F Dwight Powell UTIL Justin Anderson,,,
70,661644813,Gregory2,0,278.5,PG Jameer Nelson SG Lou Williams SF Harrison Barnes PF Derrick Favors C Nikola Jokic G George Hill F Kenneth Faried UTIL Myles Turner,,,
72,661554684,Gfuzz,0,278.25,PG Eric Bledsoe SG Nick Young SF Gordon Hayward PF Thaddeus Young C Nikola Jokic G Jameer Nelson F C.J. Miles UTIL Harrison Barnes,,,
73,661575672,itnastyy,0,277.75,PG Russell Westbrook SG Victor Oladipo SF Dorian Finney-Smith PF Karl-Anthony Towns C Al Jefferson G Jameer Nelson F Derrick Favors UTIL Thaddeus Young,,,
74,661515459,rocko3807,0,277.25,PG Jeff Teague SG Brandon Knight SF Justin Anderson PF Karl-Anthony Towns C Enes Kanter G Gary Harris F C.J. Miles UTIL Russell Westbrook,,,
74,661575116,ultimatekingz,0,277.25,PG Jameer Nelson SG Seth Curry SF Danilo Gallinari PF Karl-Anthony Towns C Rudy Gobert G Gary Harris F Gordon Hayward UTIL Harrison Barnes,,,
74,661648901,mark4407777,0,277.25,PG Russell Westbrook SG Seth Curry SF Harrison Barnes PF Karl-Anthony Towns C Tyson Chandler G Jameer Nelson F Dwight Powell UTIL Ivica Zubac,,,
77,661496274,ant73clutch,0,277,PG Devin Harris SG Lou Williams SF Dorian Finney-Smith PF Larry Nance Jr. C Rudy Gobert G Russell Westbrook F Justin Anderson UTIL Karl-Anthony Towns,,,
78,661497718,GO_IRISH13,0,276.75,PG Eric Bledsoe SG Seth Curry SF C.J. Miles PF Karl-Anthony Towns C Nikola Jokic G Jameer Nelson F Dwight Powell UTIL Steven Adams,,,
78,661606467,mehler,0,276.75,PG Jameer Nelson SG Seth Curry SF Harrison Barnes PF Karl-Anthony Towns C Steven Adams G Victor Oladipo F Andrew Wiggins UTIL Rudy Gobert,,,
80,661640204,Sportguru83,0,276.5,PG Pierre Jackson SG Seth Curry SF Justin Anderson PF Karl-Anthony Towns C Rudy Gobert G Eric Bledsoe F Dwight Powell UTIL Nikola Jokic,,,
81,661571237,kloosman,0,276.25,PG Eric Bledsoe SG Seth Curry SF Harrison Barnes PF Darrell Arthur C Steven Adams G Devin Harris F Karl-Anthony Towns UTIL Nikola Jokic,,,
82,661505854,Ajml45,0,276,PG Eric Bledsoe SG Seth Curry SF Harrison Barnes PF Dwight Powell C Nikola Jokic G Devin Harris F Karl-Anthony Towns UTIL Steven Adams,,,
82,661520745,bgizzle714,0,276,PG Devin Harris SG Seth Curry SF Harrison Barnes PF Dwight Powell C Steven Adams G Eric Bledsoe F Karl-Anthony Towns UTIL Nikola Jokic,,,
82,661548840,tarhokie3,0,276,PG Eric Bledsoe SG Seth Curry SF Harrison Barnes PF Karl-Anthony Towns C Steven Adams G Devin Harris F Dwight Powell UTIL Nikola Jokic,,,
82,661613780,srn828,0,276,PG Devin Harris SG Seth Curry SF Harrison Barnes PF Dwight Powell C Nikola Jokic G Eric Bledsoe F Karl-Anthony Towns UTIL Steven Adams,,,
82,661627411,erocksya2,0,276,PG Eric Bledsoe SG Seth Curry SF Harrison Barnes PF Karl-Anthony Towns C Nikola Jokic G Devin Harris F Dwight Powell UTIL Steven Adams,,,
82,661629256,zzhitman,0,276,PG Eric Bledsoe SG Seth Curry SF Harrison Barnes PF Karl-Anthony Towns C Nikola Jokic G Devin Harris F Dwight Powell UTIL Steven Adams,,,
88,661493322,seeleyalex,0,275.75,PG Eric Bledsoe SG Seth Curry SF Harrison Barnes PF Dwight Powell C Steven Adams G Pierre Jackson F Karl-Anthony Towns UTIL Nikola Jokic,,,
88,661497814,jfryrapap,0,275.75,PG Pierre Jackson SG Seth Curry SF Harrison Barnes PF Dwight Powell C Steven Adams G Eric Bledsoe F Karl-Anthony Towns UTIL Nikola Jokic,,,
88,661575098,bigstick66,0,275.75,PG Eric Bledsoe SG Seth Curry SF Harrison Barnes PF Karl-Anthony Towns C Nikola Jokic G Pierre Jackson F Dwight Powell UTIL Steven Adams,,,
88,661607303,Rtezy1,0,275.75,PG Eric Bledsoe SG Zach LaVine SF Justin Anderson PF P.J. Tucker C Rudy Gobert G Seth Curry F Gorgui Dieng UTIL Nikola Jokic,,,
88,661632264,DaJetta,0,275.75,PG Eric Bledsoe SG Seth Curry SF Harrison Barnes PF Karl-Anthony Towns C Steven Adams G Pierre Jackson F Dwight Powell UTIL Nikola Jokic,,,
88,661643929,Pkelley01,0,275.75,PG Jeff Teague SG Victor Oladipo SF Andre Roberson PF Darrell Arthur C Rudy Gobert G Russell Westbrook F Harrison Barnes UTIL Steven Adams,,,
88,661647341,BirdWings,0,275.75,PG Eric Bledsoe SG Seth Curry SF Harrison Barnes PF Karl-Anthony Towns C Nikola Jokic G Pierre Jackson F Dwight Powell UTIL Steven Adams,,,
95,661504343,dtwlions,0,275.5,PG Jeff Teague SG Alec Burks SF Justin Anderson PF Karl-Anthony Towns C Rudy Gobert G George Hill F Gordon Hayward UTIL Steven Adams,,,
95,661549624,dheadt77,0,275.5,PG Russell Westbrook SG Seth Curry SF Wilson Chandler PF Harrison Barnes C Karl-Anthony Towns G Devin Harris F Dwight Powell UTIL Jameer Nelson,,,
97,661582583,Steele928,0,275.25,PG Ricky Rubio SG Devin Booker SF Harrison Barnes PF Dwight Powell C Nikola Jokic G Seth Curry F Karl-Anthony Towns UTIL Devin Harris,,,
98,661513625,mthomas2499,0,275,PG Eric Bledsoe SG Seth Curry SF Justin Anderson PF Karl-Anthony Towns C Nikola Jokic G Jameer Nelson F Dwight Powell UTIL Tyson Chandler,,,
98,661533200,jocpro7593,0,275,PG Jameer Nelson SG Seth Curry SF Justin Anderson PF Dwight Powell C Nikola Jokic G Eric Bledsoe F Karl-Anthony Towns UTIL Tyson Chandler,,,
100,661535027,pacspicks66,0,274.5,PG Eric Bledsoe SG Seth Curry SF Justin Anderson PF Karl-Anthony Towns C Nikola Jokic G Gary Harris F P.J. Tucker UTIL Jordan Clarkson,,,
100,661591523,evan1970,0,274.5,PG Russell Westbrook SG Seth Curry SF Justin Anderson PF P.J. Tucker C Nikola Jokic G Pierre Jackson F C.J. Miles UTIL Eric Bledsoe,,,
102,661501506,budro619,0,273.75,PG Russell Westbrook SG Seth Curry SF Harrison Barnes PF Dwight Powell C Steven Adams G Jameer Nelson F Karl-Anthony Towns UTIL C.J. Miles,,,
102,661545889,Mufasa49,0,273.75,PG Devin Harris SG Lou Williams SF Harrison Barnes PF Derrick Favors C Gorgui Dieng G Russell Westbrook F Kenneth Faried UTIL Jeff Teague,,,
104,661510881,vhinch,0,273,PG Pierre Jackson SG Devin Booker SF Wilson Chandler PF Karl-Anthony Towns C Nikola Jokic G Seth Curry F Gorgui Dieng UTIL Steven Adams,,,
104,661566258,RejectedGamingII,0,273,PG Russell Westbrook SG Seth Curry SF Harrison Barnes PF Dwight Powell C Rudy Gobert G Pierre Jackson F Karl-Anthony Towns UTIL Brandon Knight,,,
106,661633869,Wildfire123,0,272.5,PG Russell Westbrook SG Lou Williams SF Harrison Barnes PF Karl-Anthony Towns C Andrew Bogut G Seth Curry F Danilo Gallinari UTIL Pierre Jackson,,,
107,661513221,herlockerw,0,271.75,PG Eric Bledsoe SG Shabazz Muhammad SF P.J. Tucker PF Karl-Anthony Towns C Gorgui Dieng G Jameer Nelson F Danilo Gallinari UTIL Rudy Gobert,,,
107,661647172,alydre,0,271.75,PG Eric Bledsoe SG Seth Curry SF Andrew Wiggins PF Karl-Anthony Towns C Nikola Jokic G Nick Young F Justin Anderson UTIL Alex Len,,,
109,661510097,macbearkat,0,271.5,PG Eric Bledsoe SG Seth Curry SF Danilo Gallinari PF Darrell Arthur C Nikola Jokic G Lou Williams F Dwight Powell UTIL Karl-Anthony Towns,,,
110,661516552,jhartley34,0,271.25,PG Jameer Nelson SG Seth Curry SF Harrison Barnes PF Karl-Anthony Towns C Tyson Chandler G Gary Harris F P.J. Tucker UTIL Nikola Jokic,,,
111,661486217,Darkwarriors75,0,271,PG Russell Westbrook SG Seth Curry SF Harrison Barnes PF Karl-Anthony Towns C Steven Adams G Lou Williams F C.J. Miles UTIL Devin Harris,,,
111,661606468,JacobEppink,0,271,PG Russell Westbrook SG Seth Curry SF Harrison Barnes PF Karl-Anthony Towns C Steven Adams G Devin Harris F C.J. Miles UTIL Lou Williams,,,
111,661639888,SkyMirror13,0,271,PG Russell Westbrook SG Seth Curry SF Harrison Barnes PF Dwight Powell C Karl-Anthony Towns G Pierre Jackson F Danilo Gallinari UTIL Steven Adams,,,
114,661533385,zoltan,0,270.75,PG Russell Westbrook SG Lou Williams SF C.J. Miles PF Karl-Anthony Towns C Steven Adams G Pierre Jackson F Harrison Barnes UTIL Seth Curry,,,
114,661628511,squaw945,0,270.75,PG Jameer Nelson SG Victor Oladipo SF Andrew Wiggins PF Darrell Arthur C Nikola Jokic G Russell Westbrook F Shabazz Muhammad UTIL Seth Curry,,,
116,661585301,PeoplesChamp8,0,270.5,PG Eric Bledsoe SG Lou Williams SF Harrison Barnes PF Wilson Chandler C Karl-Anthony Towns G Devin Harris F Paul George UTIL Dwight Powell,,,
116,661644699,Sircec,0,270.5,PG Russell Westbrook SG Seth Curry SF Danilo Gallinari PF Karl-Anthony Towns C Rudy Gobert G Brandon Knight F Shabazz Muhammad UTIL Al Jefferson,,,
116,661646976,cabrowns,0,270.5,PG Eric Bledsoe SG Jordan Clarkson SF Shabazz Muhammad PF Kenneth Faried C Karl-Anthony Towns G Seth Curry F C.J. Miles UTIL Nikola Jokic,,,
119,661566897,Reedbrookings9,0,270.25,PG Eric Bledsoe SG Jordan Clarkson SF Harrison Barnes PF Kenneth Faried C Steven Adams G Pierre Jackson F Karl-Anthony Towns UTIL Rudy Gobert,,,
120,661580769,rnw24,0,270,PG Ricky Rubio SG Devin Booker SF Danilo Gallinari PF Thaddeus Young C Rudy Gobert G Victor Oladipo F Kenneth Faried UTIL Jeff Teague,,,
121,661596761,BlackstarAB7,0,269,PG Jameer Nelson SG Seth Curry SF Harrison Barnes PF Darrell Arthur C Nikola Jokic G Russell Westbrook F Andre Roberson UTIL Tyson Chandler,,,
121,661634460,maroonx,0,269,PG Eric Bledsoe SG Seth Curry SF Harrison Barnes PF Dwight Powell C Nikola Jokic G Gary Harris F Karl-Anthony Towns UTIL Devin Harris,,,
123,661555957,SayOw55,0,268,PG Russell Westbrook SG Seth Curry SF Gordon Hayward PF Dwight Powell C Karl-Anthony Towns G Pierre Jackson F Harrison Barnes UTIL Justin Anderson,,,
123,661568951,TDimi21,0,268,PG Pierre Jackson SG Seth Curry SF Gordon Hayward PF Karl-Anthony Towns C Nikola Jokic G Lou Williams F Darrell Arthur UTIL Rudy Gobert,,,
123,661606974,thebest4,0,268,PG Eric Bledsoe SG Devin Harris SF Justin Anderson PF Dwight Powell C Steven Adams G Russell Westbrook F P.J. Tucker UTIL Nikola Jokic,,,
126,661515243,Jigga782,0,267.75,PG Eric Bledsoe SG Devin Booker SF C.J. Miles PF Dwight Powell C Karl-Anthony Towns G Brandon Knight F Harrison Barnes UTIL Rudy Gobert,,,
126,661539024,Tha4thAlpha,0,267.75,PG Jameer Nelson SG Gary Harris SF P.J. Tucker PF Karl-Anthony Towns C Nikola Jokic G Seth Curry F Dwight Powell UTIL Eric Bledsoe,,,
126,661542533,jasonwedge,0,267.75,PG Pierre Jackson SG Lou Williams SF Gordon Hayward PF Karl-Anthony Towns C Nikola Jokic G Seth Curry F Dwight Powell UTIL Rudy Gobert,,,
126,661634379,QuadFather7,0,267.75,PG Eric Bledsoe SG Seth Curry SF Andrew Wiggins PF Harrison Barnes C Karl-Anthony Towns G Jameer Nelson F Thaddeus Young UTIL Pierre Jackson,,,
130,661491066,soupajaff,0,267.5,PG Pierre Jackson SG Seth Curry SF C.J. Miles PF Dwight Powell C Nikola Jokic G Eric Bledsoe F Karl-Anthony Towns UTIL Devin Booker,,,
130,661553524,madoublet98,0,267.5,PG Pierre Jackson SG Seth Curry SF C.J. Miles PF Dwight Powell C Nikola Jokic G Eric Bledsoe F Karl-Anthony Towns UTIL Devin Booker,,,
130,661566981,ineedmoney23,0,267.5,PG Eric Bledsoe SG Devin Booker SF C.J. Miles PF Karl-Anthony Towns C Nikola Jokic G Seth Curry F Dwight Powell UTIL Pierre Jackson,,,
130,661573573,youdacao,0,267.5,PG Pierre Jackson SG Seth Curry SF C.J. Miles PF Dwight Powell C Nikola Jokic G Eric Bledsoe F Karl-Anthony Towns UTIL Devin Booker,,,
134,661546520,hooft,0,267.25,PG Russell Westbrook SG Seth Curry SF Wilson Chandler PF Harrison Barnes C Steven Adams G Eric Bledsoe F T.J. Warren UTIL Pierre Jackson,,,
134,661629843,tsfrederick333,0,267.25,PG Jameer Nelson SG Devin Booker SF Danilo Gallinari PF Harrison Barnes C Rudy Gobert G Seth Curry F Andrew Wiggins UTIL Gordon Hayward,,,
136,661546329,slappy70,0,267,PG Eric Bledsoe SG Seth Curry SF C.J. Miles PF Karl-Anthony Towns C Steven Adams G Lou Williams F Dwight Powell UTIL Nikola Jokic,,,
137,661541445,Blackberry35,0,266.75,PG Jordan Clarkson SG Seth Curry SF P.J. Tucker PF Darrell Arthur C Steven Adams G Eric Bledsoe F Karl-Anthony Towns UTIL Nikola Jokic,,,
138,661636650,benyamen,0,266.5,PG Eric Bledsoe SG Devin Booker SF C.J. Miles PF Dwight Powell C Rudy Gobert G Seth Curry F Danilo Gallinari UTIL Nikola Jokic,,,
139,661572846,playtowin74,0,265.5,PG Eric Bledsoe SG Gary Harris SF Danilo Gallinari PF Derrick Favors C Rudy Gobert G Jameer Nelson F Thaddeus Young UTIL Jeff Teague,,,
140,661618990,bigorangecrush,0,264.75,PG Eric Bledsoe SG Devin Booker SF Danilo Gallinari PF Karl-Anthony Towns C Rudy Gobert G Jameer Nelson F Darrell Arthur UTIL Andrew Bogut,,,
140,661646551,kevin.rapp11,0,264.75,PG Russell Westbrook SG Seth Curry SF Justin Anderson PF Harrison Barnes C Tyson Chandler G Lou Williams F Dorian Finney-Smith UTIL Eric Bledsoe,,,
142,661619961,FearToxin90,0,264.5,PG Pierre Jackson SG Seth Curry SF C.J. Miles PF Dwight Powell C Karl-Anthony Towns G Russell Westbrook F Harrison Barnes UTIL Devin Booker,,,
143,661582004,Umjcb,0,264.25,PG Russell Westbrook SG Seth Curry SF Harrison Barnes PF Dwight Powell C Rudy Gobert G Eric Bledsoe F T.J. Warren UTIL Pierre Jackson,,,
144,661530442,JDynasty14,0,264,PG Eric Bledsoe SG Seth Curry SF P.J. Tucker PF Darrell Arthur C Nikola Jokic G Pierre Jackson F Karl-Anthony Towns UTIL George Hill,,,
144,661543263,The_Frontrunner,0,264,PG Eric Bledsoe SG Seth Curry SF Justin Anderson PF Luol Deng C Nikola Jokic G Gary Harris F Karl-Anthony Towns UTIL Lou Williams,,,
146,661549965,hotbid,0,263.5,PG Eric Bledsoe SG Devin Harris SF Justin Anderson PF Dwight Powell C Karl-Anthony Towns G Russell Westbrook F C.J. Miles UTIL Steven Adams,,,
146,661652702,landforce,0,263.5,PG Jameer Nelson SG Devin Booker SF Harrison Barnes PF Karl-Anthony Towns C Rudy Gobert G Seth Curry F P.J. Tucker UTIL Derrick Favors,,,
148,661592528,lawsonam1,0,263,PG Pierre Jackson SG Seth Curry SF Shabazz Muhammad PF Karl-Anthony Towns C Nikola Jokic G Eric Bledsoe F Darrell Arthur UTIL Rudy Gobert,,,
149,661501488,Liebo37,0,262.75,PG Jameer Nelson SG Jamal Murray SF Will Barton PF Dwight Powell C Nikola Jokic G Seth Curry F Karl-Anthony Towns UTIL Eric Bledsoe,,,
149,661570185,sam9500,0,262.75,PG Eric Bledsoe SG Devin Harris SF Gordon Hayward PF Darrell Arthur C Ivica Zubac G Devin Booker F Karl-Anthony Towns UTIL Rudy Gobert,,,
149,661574605,Puckett,0,262.75,PG Eric Bledsoe SG Seth Curry SF Shabazz Muhammad PF Dwight Powell C Nikola Jokic G Pierre Jackson F Karl-Anthony Towns UTIL Rudy Gobert,,,
152,661555716,paflytyer,0,262.5,PG Eric Bledsoe SG Zach LaVine SF Danilo Gallinari PF Dwight Powell C Tyson Chandler G Devin Booker F Paul George UTIL Jameer Nelson,,,
153,661529469,kornkob69,0,261.5,PG Pierre Jackson SG Seth Curry SF Wilson Chandler PF Karl-Anthony Towns C Steven Adams G Russell Westbrook F Harrison Barnes UTIL Dwight Powell,,,
153,661597827,Rocknrolla12000,0,261.5,PG Russell Westbrook SG Jamal Murray SF Danilo Gallinari PF Derrick Favors C Nikola Jokic G Pierre Jackson F Gorgui Dieng UTIL Steven Adams,,,
155,661515482,tildo21,0,261,PG Eric Bledsoe SG Lou Williams SF Justin Anderson PF Dwight Powell C Nikola Jokic G Seth Curry F Karl-Anthony Towns UTIL Enes Kanter,,,
156,661645973,tprime21,0,260.5,PG Pierre Jackson SG Seth Curry SF Harrison Barnes PF Karl-Anthony Towns C Steven Adams G Russell Westbrook F Dwight Powell UTIL Lou Williams,,,
157,661557077,dannyoms,0,260.25,PG Russell Westbrook SG Lou Williams SF C.J. Miles PF Karl-Anthony Towns C Rudy Gobert G Devin Harris F Dwight Powell UTIL Steven Adams,,,
157,661630230,tomjk321,0,260.25,PG Russell Westbrook SG Devin Harris SF C.J. Miles PF Dwight Powell C Steven Adams G Lou Williams F Karl-Anthony Towns UTIL Rudy Gobert,,,
159,661513508,HAFFER,0,259,PG Russell Westbrook SG Seth Curry SF Paul George PF Harrison Barnes C Steven Adams G Pierre Jackson F Dwight Powell UTIL Rudy Gobert,,,
159,661648891,MagicMooner,0,259,PG Ricky Rubio SG Devin Booker SF Will Barton PF Karl-Anthony Towns C Gorgui Dieng G Jameer Nelson F P.J. Tucker UTIL Wilson Chandler,,,
159,661649731,wwod,0,259,PG Jameer Nelson SG Seth Curry SF Harrison Barnes PF Karl-Anthony Towns C Derrick Favors G Gary Harris F Gordon Hayward UTIL Rudy Gobert,,,
162,661496318,RedViper,0,258.75,PG Jeff Teague SG Gary Harris SF Gordon Hayward PF Thaddeus Young C Enes Kanter G Seth Curry F Danilo Gallinari UTIL Nikola Jokic,,,
162,661545727,xBlazingSaddles,0,258.75,PG Eric Bledsoe SG Seth Curry SF Harrison Barnes PF Derrick Favors C Karl-Anthony Towns G Jameer Nelson F P.J. Tucker UTIL Will Barton,,,
162,661574177,dorman007,0,258.75,PG George Hill SG Devin Booker SF Gordon Hayward PF Karl-Anthony Towns C Rudy Gobert G Seth Curry F Justin Anderson UTIL C.J. Miles,,,
162,661604460,johnpblackeell3,0,258.75,PG Devin Harris SG Devin Booker SF Paul George PF Luol Deng C Andrew Bogut G Russell Westbrook F Harrison Barnes UTIL Zach LaVine,,,
162,661643039,BamaWhoDat,0,258.75,PG Devin Harris SG Seth Curry SF Harrison Barnes PF Karl-Anthony Towns C Steven Adams G Eric Bledsoe F Andrew Wiggins UTIL Lou Williams,,,
167,661512066,onehundredplus,0,258,PG Russell Westbrook SG Victor Oladipo SF Gordon Hayward PF Karl-Anthony Towns C Steven Adams G Pierre Jackson F Dwight Powell UTIL C.J. Miles,,,
168,661570263,bubbatron,0,257.25,PG Jameer Nelson SG Gary Harris SF Andre Roberson PF Derrick Favors C Enes Kanter G Devin Booker F Karl-Anthony Towns UTIL Nikola Jokic,,,
169,661555048,kjhogo,0,257,PG Eric Bledsoe SG Gary Harris SF Harrison Barnes PF P.J. Tucker C Rudy Gobert G Lou Williams F Dwight Powell UTIL Nikola Jokic,,,
169,661560381,DFD13,0,257,PG Jeff Teague SG Shabazz Muhammad SF Gordon Hayward PF Karl-Anthony Towns C Tyson Chandler G Seth Curry F Andrew Wiggins UTIL T.J. Warren,,,
169,661649720,ogfordster30,0,257,PG Russell Westbrook SG Seth Curry SF Justin Anderson PF P.J. Tucker C Steven Adams G Lou Williams F Karl-Anthony Towns UTIL Derrick Favors,,,
172,661571411,mvallee16,0,256.75,PG Pierre Jackson SG Devin Booker SF Harrison Barnes PF Paul George C Steven Adams G Ricky Rubio F Kenneth Faried UTIL Eric Bledsoe,,,
172,661586112,hembi86,0,256.75,PG Russell Westbrook SG Gary Harris SF Harrison Barnes PF Thaddeus Young C Steven Adams G Devin Booker F Wilson Chandler UTIL Dorian Finney-Smith,,,
174,661575436,sib1906,0,256.5,PG Russell Westbrook SG Seth Curry SF C.J. Miles PF Dwight Powell C Rudy Gobert G Pierre Jackson F Karl-Anthony Towns UTIL Lou Williams,,,
174,661625946,zacharydosch,0,256.5,PG Jamal Murray SG Seth Curry SF Harrison Barnes PF Derrick Favors C Karl-Anthony Towns G Russell Westbrook F Justin Anderson UTIL Steven Adams,,,
176,661517107,rbrandonlee4,0,256.25,PG Russell Westbrook SG Seth Curry SF Wilson Chandler PF Derrick Favors C Nikola Jokic G Pierre Jackson F P.J. Tucker UTIL Steven Adams,,,
177,661564531,Keuper,0,256,PG Eric Bledsoe SG Seth Curry SF Danilo Gallinari PF Karl-Anthony Towns C Steven Adams G Lou Williams F Dwight Powell UTIL Rudy Gobert,,,
177,661613364,mcrent2own,0,256,PG Russell Westbrook SG Lou Williams SF Andrew Wiggins PF Luol Deng C Rudy Gobert G Jeff Teague F Dwight Powell UTIL C.J. Miles,,,
179,661613397,shanester,0,255.5,PG Russell Westbrook SG Seth Curry SF Danilo Gallinari PF Harrison Barnes C Andrew Bogut G Eric Bledsoe F C.J. Miles UTIL Steven Adams,,,
180,661505358,Tjpace20,0,255.25,PG Eric Bledsoe SG Devin Booker SF Harrison Barnes PF Derrick Favors C Rudy Gobert G Seth Curry F Dwight Powell UTIL Jeff Teague,,,
180,661562605,AddiB17,0,255.25,PG Russell Westbrook SG Shabazz Muhammad SF Justin Anderson PF Kenneth Faried C Karl-Anthony Towns G Alec Burks F Derrick Favors UTIL Rudy Gobert,,,
180,661568418,grantbob24,0,255.25,PG Jameer Nelson SG Seth Curry SF Harrison Barnes PF Karl-Anthony Towns C Steven Adams G Eric Bledsoe F P.J. Tucker UTIL Tyson Chandler,,,
180,661587600,Warehouse4Real,0,255.25,PG Eric Bledsoe SG Seth Curry SF Harrison Barnes PF Dwight Powell C Tyson Chandler G Victor Oladipo F Danilo Gallinari UTIL Karl-Anthony Towns,,,
184,661632366,DavidCoppafeel,0,254.75,PG Russell Westbrook SG Devin Harris SF Justin Anderson PF Karl-Anthony Towns C Rudy Gobert G Lou Williams F Brandon Ingram UTIL Seth Curry,,,
185,661577041,CDUB300,0,253.5,PG Jameer Nelson SG Seth Curry SF Brandon Ingram PF Wilson Chandler C Rudy Gobert G Jeff Teague F Gordon Hayward UTIL Eric Bledsoe,,,
186,661644723,Timnorwood,0,252.5,PG Russell Westbrook SG Seth Curry SF Shabazz Muhammad PF Derrick Favors C Rudy Gobert G Lou Williams F Justin Anderson UTIL Paul George,,,
187,661582336,TripleLindy,0,252,PG Eric Bledsoe SG Seth Curry SF Harrison Barnes PF Wilson Chandler C Tyson Chandler G Jameer Nelson F Karl-Anthony Towns UTIL Dwight Powell,,,
188,661508357,marcossaenz08,0,251.75,PG Russell Westbrook SG Seth Curry SF Andrew Wiggins PF Dwight Powell C Myles Turner G Pierre Jackson F Harrison Barnes UTIL Devin Booker,,,
189,661533886,jchand62,0,251.25,PG Ricky Rubio SG Seth Curry SF Wilson Chandler PF Harrison Barnes C Tyson Chandler G Victor Oladipo F Karl-Anthony Towns UTIL Lou Williams,,,
190,661495200,amara44,0,251,PG Jameer Nelson SG Seth Curry SF P.J. Tucker PF Karl-Anthony Towns C Nikola Jokic G Ricky Rubio F Brandon Ingram UTIL Tyson Chandler,,,
191,661605170,ldmalino,0,250.5,PG Jordan Clarkson SG Victor Oladipo SF Andrew Wiggins PF Karl-Anthony Towns C Tyson Chandler G Devin Booker F Shabazz Muhammad UTIL Harrison Barnes,,,
191,661619234,BirdmanSuckas,0,250.5,PG Russell Westbrook SG Lou Williams SF P.J. Tucker PF Karl-Anthony Towns C Rudy Gobert G Brandon Knight F Shabazz Muhammad UTIL Jamal Murray,,,
193,661549928,btbpitt71,0,249,PG Russell Westbrook SG Seth Curry SF Paul George PF Harrison Barnes C Andrew Bogut G Eric Bledsoe F Dwight Powell UTIL Devin Harris,,,
193,661600175,Franks1313,0,249,PG Eric Bledsoe SG Seth Curry SF Wilson Chandler PF Thaddeus Young C Karl-Anthony Towns G Gary Harris F Marquese Chriss UTIL Jeff Teague,,,
195,661652102,rocadre30,0,248.5,PG Jameer Nelson SG Seth Curry SF Shabazz Muhammad PF Darrell Arthur C Steven Adams G Russell Westbrook F Harrison Barnes UTIL Eric Bledsoe,,,
196,661580025,geniti11,0,248,PG Devin Harris SG Devin Booker SF Andrew Wiggins PF Harrison Barnes C Steven Adams G Seth Curry F P.J. Tucker UTIL Russell Westbrook,,,
197,661556486,gimmemybikeback,0,247.75,PG Pierre Jackson SG Lou Williams SF Andrew Wiggins PF Karl-Anthony Towns C Rudy Gobert G Eric Bledsoe F Dwight Powell UTIL Steven Adams,,,
198,661640644,kyleburnie,0,247.25,PG Ricky Rubio SG Seth Curry SF Gordon Hayward PF Gorgui Dieng C Rudy Gobert G Eric Bledsoe F Harrison Barnes UTIL Devin Harris,,,
199,661567204,Mick_dagger,0,247,PG Eric Bledsoe SG Victor Oladipo SF Justin Anderson PF Karl-Anthony Towns C Tyson Chandler G Ricky Rubio F P.J. Tucker UTIL Steven Adams,,,
200,661572463,bloodnguts,0,246.25,PG Eric Bledsoe SG Brandon Knight SF Gordon Hayward PF Gorgui Dieng C Rudy Gobert G Lou Williams F Andrew Wiggins UTIL Steven Adams,,,
201,661603173,danglefoot83,0,246,PG Eric Bledsoe SG Devin Booker SF P.J. Tucker PF Karl-Anthony Towns C Enes Kanter G Nick Young F Wilson Chandler UTIL T.J. Warren,,,
202,661500819,Rb1028,0,245.75,PG Ricky Rubio SG Devin Booker SF Wilson Chandler PF Karl-Anthony Towns C Rudy Gobert G Seth Curry F Dwight Powell UTIL Lou Williams,,,
202,661643333,Guttersnipe,0,245.75,PG Ricky Rubio SG Victor Oladipo SF Andre Roberson PF Karl-Anthony Towns C Rudy Gobert G Seth Curry F Derrick Favors UTIL Devin Booker,,,
204,661496643,swillitts22,0,245.5,PG Eric Bledsoe SG Devin Booker SF C.J. Miles PF Dwight Powell C Steven Adams G Seth Curry F Karl-Anthony Towns UTIL Rudy Gobert,,,
204,661549134,izzybake27,0,245.5,PG Jeff Teague SG Devin Booker SF Andrew Wiggins PF Harrison Barnes C Tyson Chandler G Victor Oladipo F Gorgui Dieng UTIL Enes Kanter,,,
206,661537417,ragonkforce,0,245.25,PG Russell Westbrook SG Seth Curry SF Justin Anderson PF Derrick Favors C Karl-Anthony Towns G Jordan Clarkson F Thaddeus Young UTIL Jamal Murray,,,
206,661564577,Pacers0924,0,245.25,PG George Hill SG Devin Booker SF Gordon Hayward PF Harrison Barnes C Steven Adams G Seth Curry F Karl-Anthony Towns UTIL Andrew Bogut,,,
208,661650180,Legionofboom258,0,245,PG Russell Westbrook SG Seth Curry SF Wilson Chandler PF Harrison Barnes C Steven Adams G Eric Bledsoe F Dwight Powell UTIL Pierre Jackson,,,
209,661534895,jbpickell,0,244.75,PG Jordan Clarkson SG Victor Oladipo SF Andrew Wiggins PF Gorgui Dieng C Derrick Favors G Russell Westbrook F P.J. Tucker UTIL Steven Adams,,,
210,661632101,ottmaj12,0,243.75,PG Eric Bledsoe SG Lou Williams SF Danilo Gallinari PF Dwight Powell C Steven Adams G Russell Westbrook F P.J. Tucker UTIL Seth Curry,,,
211,661534592,squirtleman,0,243,PG George Hill SG Seth Curry SF Wilson Chandler PF Karl-Anthony Towns C Al Jefferson G Devin Booker F Derrick Favors UTIL Rudy Gobert,,,
212,661528189,kirbywade,0,242,PG Russell Westbrook SG Seth Curry SF Harrison Barnes PF Dwight Powell C Karl-Anthony Towns G Alec Burks F Derrick Favors UTIL Gary Harris,,,
213,661607797,BearDow3343,0,241.25,PG Jameer Nelson SG Gary Harris SF P.J. Tucker PF Karl-Anthony Towns C Tyson Chandler G Eric Bledsoe F Wilson Chandler UTIL Kenneth Faried,,,
214,661511804,BrandonTuttle85,0,238.5,PG Eric Bledsoe SG Gary Harris SF Harrison Barnes PF Karl-Anthony Towns C Enes Kanter G Devin Booker F P.J. Tucker UTIL Devin Harris,,,
215,661575717,upchuck45,0,237.75,PG George Hill SG Devin Booker SF Wilson Chandler PF Karl-Anthony Towns C Rudy Gobert G Shelvin Mack F Dwight Powell UTIL Zach LaVine,,,
216,661540851,gamble11,0,234.25,PG Eric Bledsoe SG Gary Harris SF Andrew Wiggins PF Thaddeus Young C Tyson Chandler G Ricky Rubio F Danilo Gallinari UTIL Jameer Nelson,,,
217,661584345,clonejerry,0,233.75,PG Russell Westbrook SG Seth Curry SF Gordon Hayward PF P.J. Tucker C Steven Adams G Lou Williams F Darrell Arthur UTIL Rudy Gobert,,,
218,661501242,btenzer23,0,232.5,PG Ricky Rubio SG Devin Booker SF Harrison Barnes PF Karl-Anthony Towns C Tyson Chandler G Seth Curry F Dwight Powell UTIL Steven Adams,,,
219,661507513,sspiva1,0,231.75,PG Kris Dunn SG Jamal Murray SF Joe Ingles PF Gorgui Dieng C Myles Turner G Russell Westbrook F Karl-Anthony Towns UTIL Alex Len,,,
219,661646643,draft_king86,0,231.75,PG Russell Westbrook SG Victor Oladipo SF Gordon Hayward PF P.J. Tucker C Steven Adams G Lou Williams F Derrick Favors UTIL Gary Harris,,,
221,661649879,TheRealRobL,0,230.75,PG Eric Bledsoe SG Seth Curry SF P.J. Tucker PF Wilson Chandler C Derrick Favors G Lou Williams F Darrell Arthur UTIL Russell Westbrook,,,
222,661507371,Assani,0,230.25,PG Devin Harris SG Seth Curry SF Gordon Hayward PF Dwight Powell C Rudy Gobert G Eric Bledsoe F Karl-Anthony Towns UTIL Enes Kanter,,,
222,661651192,jawright811,0,230.25,PG Russell Westbrook SG Seth Curry SF P.J. Tucker PF Thaddeus Young C Tyson Chandler G Victor Oladipo F Danilo Gallinari UTIL Derrick Favors,,,
224,661559587,BandCandy,0,227.25,PG Russell Westbrook SG Alec Burks SF Harrison Barnes PF Thaddeus Young C Tyson Chandler G Seth Curry F P.J. Tucker UTIL Andrew Wiggins,,,
225,661595355,buttaface,0,226.75,PG Ricky Rubio SG Devin Booker SF P.J. Tucker PF Darrell Arthur C Rudy Gobert G Seth Curry F Karl-Anthony Towns UTIL Tyson Chandler,,,
226,661654657,Mrs_LadyFootball,0,224.75,PG Jamal Murray SG Devin Booker SF Gordon Hayward PF Karl-Anthony Towns C Tyson Chandler G Victor Oladipo F Andrew Wiggins UTIL Andre Roberson,,,
227,661607194,joeytomko,0,223.5,PG Eric Bledsoe SG Devin Booker SF P.J. Tucker PF Karl-Anthony Towns C Enes Kanter G Seth Curry F Andre Roberson UTIL Thaddeus Young,,,
228,661611743,Damascussteel,0,218.25,PG Eric Bledsoe SG Devin Booker SF Wilson Chandler PF Thaddeus Young C Enes Kanter G Ricky Rubio F Andrew Wiggins UTIL Pierre Jackson,,,
229,661512082,bvks,0,0,,,,
