PLAYER_ID,PLAYER_NAME,TEAM_ID,TEAM_ABBREVIATION,AGE,MIN,CONTESTED_SHOTS,CONTESTED_SHOTS_2PT,CONTESTED_SHOTS_3PT,CHARGES_DRAWN,DEFLECTIONS,LOOSE_BALLS_RECOVERED,SCREEN_ASSISTS
1627773,AJ Hammons,1610612742,DAL,24.0,7.0,2.05,1.7,0.35,0.0,0.25,0.1,1.05
201166,Aaron Brooks,1610612754,IND,32.0,14.0,3.13,1.55,1.58,0.13,0.77,0.3,0.2
203932,Aaron Gordon,1610612753,ORL,21.0,29.0,6.15,3.95,2.2,0.06,1.43,0.7,0.49
1626151,Aaron Harrison,1610612766,CHA,22.0,3.0,0.4,0.4,0.0,0.0,0.0,0.0,0.0
203940,Adreian Payne,1610612750,MIN,26.0,8.0,2.53,1.41,1.12,0.0,0.65,0.06,0.29
201143,Al Horford,1610612738,BOS,30.0,32.0,13.09,9.43,3.66,0.0,1.4,1.06,3.37
2744,Al Jefferson,1610612754,IND,32.0,14.0,4.23,3.7,0.53,0.14,0.61,0.3,1.7
202329,Al-Farouq Aminu,1610612757,POR,26.0,29.0,9.74,6.85,2.89,0.02,1.74,0.75,1.72
101187,Alan Anderson,1610612746,LAC,34.0,10.0,1.7,0.53,1.17,0.0,0.3,0.3,0.03
1626210,Alan Williams,1610612756,PHX,24.0,15.0,6.65,5.74,0.91,0.0,0.89,0.52,1.98
202692,Alec Burks,1610612762,UTA,25.0,16.0,3.02,1.61,1.41,0.0,0.76,0.44,0.07
203518,Alex Abrines,1610612760,OKC,23.0,15.0,3.55,2.17,1.38,0.02,0.88,0.29,0.2
203458,Alex Len,1610612756,PHX,23.0,20.0,10.5,9.16,1.34,0.0,0.84,0.46,3.28
1627816,Alex Poythress,1610612755,PHI,23.0,25.0,5.0,2.8,2.2,0.0,1.4,0.6,1.0
201582,Alexis Ajinca,1610612740,NOP,28.0,14.0,5.7,4.68,1.03,0.03,1.05,0.41,1.68
203459,Allen Crabbe,1610612757,POR,25.0,29.0,4.72,2.7,2.03,0.0,1.39,0.63,0.29
202087,Alonzo Gee,1610612743,DEN,29.0,7.0,1.54,0.85,0.69,0.0,0.54,0.23,0.0
101161,Amir Johnson,1610612738,BOS,29.0,20.0,7.52,6.56,0.96,0.06,1.32,0.56,2.37
2760,Anderson Varejao,1610612744,GSW,34.0,7.0,2.79,2.07,0.71,0.0,0.43,0.14,1.07
203083,Andre Drummond,1610612765,DET,23.0,30.0,9.1,7.61,1.49,0.03,2.86,0.75,4.33
2738,Andre Iguodala,1610612744,GSW,33.0,26.0,5.08,2.97,2.11,0.03,2.16,0.82,0.74
203460,Andre Roberson,1610612760,OKC,25.0,30.0,9.96,6.96,3.0,0.0,2.46,0.71,0.29
101106,Andrew Bogut,1610612739,CLE,32.0,22.0,6.04,5.59,0.44,0.48,1.15,0.19,2.89
1626150,Andrew Harrison,1610612763,MEM,22.0,20.0,4.92,2.54,2.38,0.08,1.49,0.68,0.1
203094,Andrew Nicholson,1610612751,BKN,27.0,9.0,3.03,2.27,0.76,0.0,0.54,0.11,0.89
203952,Andrew Wiggins,1610612750,MIN,22.0,37.0,9.28,4.49,4.79,0.0,1.63,0.99,0.34
203461,Anthony Bennett,1610612751,BKN,24.0,11.0,4.0,2.43,1.57,0.0,0.39,0.09,0.61
1626148,Anthony Brown,1610612753,ORL,24.0,14.0,3.27,1.45,1.82,0.0,0.82,0.55,0.09
203076,Anthony Davis,1610612740,NOP,24.0,36.0,13.43,9.84,3.59,0.12,2.36,1.09,3.27
201627,Anthony Morrow,1610612741,CHI,31.0,15.0,1.81,0.85,0.96,0.0,0.9,0.48,0.02
201229,Anthony Tolliver,1610612758,SAC,31.0,23.0,5.75,3.69,2.06,0.2,1.06,0.48,1.08
203462,Archie Goodwin,1610612751,BKN,22.0,13.0,3.64,2.0,1.64,0.0,0.64,0.36,0.0
202620,Arinze Onuaku,1610612753,ORL,29.0,4.0,0.63,0.63,0.0,0.0,0.38,0.0,0.13
203382,Aron Baynes,1610612765,DET,30.0,16.0,6.13,5.32,0.81,0.17,0.43,0.28,2.83
201167,Arron Afflalo,1610612758,SAC,31.0,26.0,4.85,2.4,2.45,0.0,0.57,0.23,0.25
203085,Austin Rivers,1610612746,LAC,24.0,28.0,4.74,3.09,1.65,0.03,1.49,0.64,0.09
202340,Avery Bradley,1610612738,BOS,26.0,33.0,5.5,2.91,2.59,0.0,2.7,1.2,0.43
1626253,Axel Toupane,1610612749,MIL,24.0,3.0,1.0,0.0,1.0,0.0,0.0,0.0,0.0
1627791,Ben Bentil,1610612742,DAL,22.0,3.0,1.0,0.67,0.33,0.0,0.0,0.0,0.0
203463,Ben McLemore,1610612758,SAC,24.0,19.0,3.85,1.78,2.07,0.05,1.25,0.39,0.17
2757,Beno Udrih,1610612765,DET,34.0,14.0,2.79,1.54,1.26,0.03,0.79,0.31,0.1
202687,Bismack Biyombo,1610612753,ORL,24.0,22.0,8.85,7.49,1.36,0.0,0.68,0.66,3.0
201933,Blake Griffin,1610612746,LAC,28.0,34.0,8.25,5.22,3.03,0.15,1.75,1.27,2.58
1626246,Boban Marjanovic,1610612765,DET,28.0,8.0,2.91,2.68,0.24,0.0,0.29,0.09,1.12
201628,Bobby Brown,1610612745,HOU,32.0,5.0,0.71,0.17,0.54,0.04,0.08,0.04,0.04
1626171,Bobby Portis,1610612741,CHI,22.0,15.0,5.29,3.11,2.17,0.0,0.56,0.37,0.9
202711,Bojan Bogdanovic,1610612764,WAS,27.0,26.0,6.4,3.5,2.9,0.01,0.88,0.7,0.08
2564,Boris Diaw,1610612762,UTA,34.0,18.0,4.22,2.96,1.26,0.0,0.53,0.31,1.08
203078,Bradley Beal,1610612764,WAS,23.0,35.0,7.96,3.56,4.4,0.08,2.48,1.17,0.25
201148,Brandan Wright,1610612763,MEM,29.0,16.0,5.78,4.56,1.22,0.0,0.89,0.37,1.59
101138,Brandon Bass,1610612746,LAC,31.0,11.0,3.0,2.12,0.88,0.0,0.59,0.39,1.16
1627742,Brandon Ingram,1610612747,LAL,19.0,29.0,7.0,3.99,3.01,0.03,1.14,0.7,0.14
201943,Brandon Jennings,1610612764,WAS,27.0,22.0,2.65,1.11,1.54,0.01,1.85,0.65,0.04
202688,Brandon Knight,1610612756,PHX,25.0,21.0,4.15,1.89,2.26,0.06,0.76,0.52,0.04
201575,Brandon Rush,1610612750,MIN,31.0,22.0,4.8,2.73,2.07,0.07,0.93,0.31,0.2
203148,Brian Roberts,1610612766,CHA,31.0,10.0,1.9,0.88,1.03,0.08,0.63,0.28,0.13
1627362,Briante Weber,1610612766,CHA,24.0,10.0,1.37,0.53,0.84,0.0,2.0,0.68,0.16
1627744,Brice Johnson,1610612746,LAC,22.0,3.0,1.67,1.33,0.33,0.0,0.67,0.0,0.33
201572,Brook Lopez,1610612751,BKN,29.0,30.0,14.6,12.45,2.15,0.0,1.08,0.79,2.16
203998,Bruno Caboclo,1610612761,TOR,21.0,3.0,0.63,0.5,0.13,0.0,0.25,0.13,0.0
1627854,Bryn Forbes,1610612759,SAS,23.0,8.0,1.19,0.69,0.5,0.0,0.22,0.22,0.0
1627741,Buddy Hield,1610612758,SAC,23.0,23.0,5.26,2.96,2.3,0.0,1.09,0.73,0.11
201228,C.J. Watson,1610612753,ORL,32.0,17.0,2.66,1.16,1.5,0.06,1.53,0.42,0.05
203468,CJ McCollum,1610612757,POR,25.0,35.0,8.71,5.28,3.44,0.04,1.53,1.03,0.33
101139,CJ Miles,1610612754,IND,30.0,23.0,5.12,2.52,2.6,0.12,1.16,0.56,0.19
203912,CJ Wilcox,1610612753,ORL,26.0,5.0,1.05,0.45,0.59,0.05,0.23,0.14,0.0
1626166,Cameron Payne,1610612741,CHI,22.0,15.0,3.26,1.84,1.42,0.13,0.9,0.35,0.13
1627747,Caris LeVert,1610612751,BKN,22.0,22.0,4.45,2.57,1.88,0.04,1.8,0.64,0.07
2546,Carmelo Anthony,1610612752,NYK,32.0,34.0,6.62,2.88,3.74,0.0,1.78,0.73,0.93
202718,Chandler Parsons,1610612763,MEM,28.0,20.0,3.26,1.74,1.53,0.09,1.06,0.41,0.06
101112,Channing Frye,1610612739,CLE,33.0,19.0,8.48,6.96,1.52,0.04,0.85,0.23,1.45
1626184,Chasson Randle,1610612752,NYK,24.0,11.0,2.72,1.2,1.52,0.04,0.96,0.6,0.24
1627767,Cheick Diallo,1610612740,NOP,20.0,10.0,3.0,1.6,1.4,0.0,0.07,0.33,0.4
1627778,Chinanu Onuaku,1610612745,HOU,20.0,10.0,4.0,3.6,0.4,0.0,1.0,0.6,1.8
2365,Chris Andersen,1610612739,CLE,38.0,9.0,4.0,3.58,0.42,0.0,0.83,0.08,2.08
1626191,Chris McCullough,1610612764,WAS,22.0,5.0,2.0,1.27,0.73,0.0,0.13,0.07,0.47
101108,Chris Paul,1610612746,LAC,31.0,31.0,5.22,2.53,2.68,0.03,3.47,1.3,0.23
1626174,Christian Wood,1610612766,CHA,21.0,8.0,2.83,2.33,0.5,0.0,0.42,0.17,1.5
203991,Clint Capela,1610612745,HOU,22.0,24.0,10.19,8.31,1.88,0.09,0.89,0.84,2.5
203469,Cody Zeller,1610612766,CHA,24.0,28.0,9.2,7.93,1.26,0.03,2.05,1.08,5.98
202332,Cole Aldrich,1610612750,MIN,28.0,8.0,3.61,2.97,0.64,0.0,1.0,0.3,1.25
201147,Corey Brewer,1610612747,LAL,31.0,15.0,3.78,2.14,1.64,0.03,1.55,0.45,0.05
202709,Cory Joseph,1610612761,TOR,25.0,25.0,6.41,3.18,3.23,0.05,1.48,0.77,0.35
201584,Courtney Lee,1610612752,NYK,31.0,32.0,5.89,3.08,2.82,0.01,2.05,0.91,0.13
1626245,Cristiano Felicio,1610612741,CHI,24.0,16.0,5.49,4.51,0.98,0.0,0.57,0.46,1.92
1626156,D'Angelo Russell,1610612747,LAL,21.0,29.0,5.44,3.05,2.4,0.02,2.57,0.83,0.32
201571,D.J. Augustin,1610612753,ORL,29.0,20.0,3.1,1.34,1.77,0.12,0.74,0.56,0.32
1627745,Damian Jones,1610612744,GSW,21.0,7.0,2.44,1.89,0.56,0.0,0.56,0.11,1.0
203081,Damian Lillard,1610612757,POR,26.0,36.0,6.15,3.49,2.65,0.15,2.08,0.91,0.15
204014,Damjan Rudez,1610612753,ORL,30.0,7.0,1.6,0.89,0.71,0.0,0.36,0.11,0.36
1627849,Daniel Ochefu,1610612764,WAS,23.0,3.0,1.39,1.11,0.28,0.0,0.22,0.11,0.11
201568,Danilo Gallinari,1610612743,DEN,28.0,34.0,7.86,4.48,3.38,0.13,1.16,0.79,0.32
201980,Danny Green,1610612759,SAS,29.0,27.0,7.51,4.54,2.97,0.03,2.61,0.46,0.18
201967,Dante Cunningham,1610612740,NOP,29.0,25.0,8.02,4.97,3.05,0.0,1.2,0.48,0.64
203957,Dante Exum,1610612762,UTA,21.0,19.0,4.52,2.65,1.88,0.03,0.78,0.62,0.22
1627863,Danuel House,1610612764,WAS,23.0,1.0,1627863.0,NA,1610612764.0,NA,23.0,1.0,1627863.0
203967,Dario Saric,1610612755,PHI,23.0,26.0,8.33,6.02,2.31,0.01,1.14,0.88,1.02
201589,Darrell Arthur,1610612743,DEN,29.0,15.0,5.03,3.69,1.33,0.03,1.18,0.56,1.23
201954,Darren Collison,1610612758,SAC,29.0,30.0,4.38,1.97,2.41,0.03,2.03,0.87,0.25
1626199,Darrun Hilliard,1610612765,DET,23.0,10.0,1.89,1.11,0.79,0.03,0.5,0.21,0.05
101135,David Lee,1610612759,SAS,33.0,19.0,6.64,4.78,1.86,0.04,0.76,0.49,1.6
1628021,David Nwaba,1610612747,LAL,24.0,19.0,6.0,3.5,2.5,0.0,1.33,0.61,0.39
2561,David West,1610612744,GSW,36.0,13.0,5.85,4.81,1.04,0.01,1.3,0.24,1.31
202722,Davis Bertans,1610612759,SAS,24.0,12.0,4.41,3.3,1.11,0.05,0.48,0.33,0.56
201599,DeAndre Jordan,1610612746,LAC,28.0,32.0,10.48,8.49,1.99,0.0,1.15,0.53,5.53
202732,DeAndre Liggins,1610612739,CLE,29.0,12.0,2.72,1.49,1.23,0.07,1.56,0.39,0.13
1627761,DeAndre' Bembry,1610612737,ATL,22.0,9.0,1.89,1.11,0.78,0.0,0.62,0.16,0.14
201942,DeMar DeRozan,1610612761,TOR,27.0,35.0,4.24,1.88,2.36,0.04,1.89,1.12,0.08
202326,DeMarcus Cousins,1610612740,NOP,26.0,34.0,11.99,9.0,2.99,0.35,3.33,1.06,1.86
201960,DeMarre Carroll,1610612761,TOR,30.0,26.0,6.96,3.77,3.18,0.04,2.44,0.73,0.51
1627749,Dejounte Murray,1610612759,SAS,20.0,9.0,1.86,1.03,0.84,0.0,0.84,0.11,0.05
1626153,Delon Wright,1610612761,TOR,24.0,16.0,3.73,2.08,1.65,0.12,2.35,0.62,0.19
1627743,Demetrius Jackson,1610612738,BOS,22.0,3.0,0.8,0.4,0.4,0.0,0.2,0.0,0.0
203471,Dennis Schroder,1610612737,ATL,23.0,32.0,5.53,2.96,2.56,0.17,1.64,1.15,0.29
1627756,Denzel Valentine,1610612741,CHI,23.0,17.0,3.3,1.77,1.54,0.02,0.95,0.43,0.07
101114,Deron Williams,1610612739,CLE,32.0,26.0,5.4,3.0,2.4,0.1,1.29,0.51,0.75
202324,Derrick Favors,1610612762,UTA,25.0,24.0,9.16,7.45,1.71,0.0,1.84,0.71,2.98
1627884,"Derrick Jones, Jr.",1610612756,PHX,20.0,17.0,4.0,2.39,1.61,0.03,0.84,0.23,0.16
201565,Derrick Rose,1610612752,NYK,28.0,33.0,5.63,3.06,2.56,0.06,1.36,1.14,0.38
202682,Derrick Williams,1610612739,CLE,25.0,16.0,4.35,2.65,1.69,0.04,0.53,0.29,0.82
1626164,Devin Booker,1610612756,PHX,20.0,35.0,6.23,3.12,3.12,0.01,1.51,0.94,0.4
2734,Devin Harris,1610612742,DAL,34.0,17.0,2.4,1.11,1.29,0.19,1.27,0.52,0.25
203473,Dewayne Dedmon,1610612759,SAS,27.0,18.0,8.12,6.63,1.49,0.01,1.01,0.47,1.72
1627738,Deyonta Davis,1610612763,MEM,20.0,7.0,2.71,2.26,0.46,0.0,0.34,0.06,0.6
1627754,Diamond Stone,1610612746,LAC,20.0,3.0,1.86,1.29,0.57,0.0,0.14,0.0,0.0
203079,Dion Waiters,1610612748,MIA,25.0,30.0,7.22,4.35,2.87,0.0,2.0,0.65,0.24
1717,Dirk Nowitzki,1610612742,DAL,38.0,27.0,7.72,5.92,1.79,0.0,1.3,0.43,3.09
1627734,Domantas Sabonis,1610612760,OKC,20.0,20.0,7.19,5.27,1.92,0.0,0.89,0.59,1.08
202700,Donatas Motiejunas,1610612740,NOP,26.0,14.0,6.16,4.34,1.81,0.22,0.88,0.28,1.78
1627827,Dorian Finney-Smith,1610612742,DAL,23.0,20.0,5.9,3.61,2.29,0.0,1.1,0.42,0.19
203926,Doug McDermott,1610612760,OKC,25.0,23.0,5.15,2.89,2.26,0.0,0.45,0.29,0.15
1627733,Dragan Bender,1610612756,PHX,19.0,13.0,5.81,3.83,1.98,0.0,0.5,0.31,0.5
203110,Draymond Green,1610612744,GSW,27.0,33.0,13.67,9.54,4.13,0.17,3.88,1.21,2.29
2730,Dwight Howard,1610612737,ATL,31.0,30.0,8.41,6.88,1.53,0.0,1.75,0.55,3.75
203939,Dwight Powell,1610612742,DAL,25.0,17.0,6.87,5.11,1.76,0.04,1.49,0.36,1.92
2548,Dwyane Wade,1610612741,CHI,35.0,30.0,4.85,2.76,2.08,0.02,2.47,0.97,0.08
202734,E'Twaun Moore,1610612740,NOP,28.0,25.0,5.85,3.57,2.28,0.01,1.51,0.65,0.1
202334,Ed Davis,1610612757,POR,27.0,17.0,5.54,4.65,0.89,0.0,0.61,0.37,2.33
204002,Edy Tavares,1610612737,ATL,25.0,4.0,1.0,1.0,0.0,0.0,0.0,0.0,0.0
203901,Elfrid Payton,1610612753,ORL,23.0,29.0,6.68,3.78,2.9,0.0,2.64,1.14,0.3
202407,Elijah Millsap,1610612756,PHX,29.0,12.0,2.0,2.0,0.0,0.0,1.0,0.0,0.0
1626144,Emmanuel Mudiay,1610612743,DEN,21.0,26.0,4.98,2.73,2.25,0.02,1.16,0.51,0.18
202683,Enes Kanter,1610612760,OKC,24.0,21.0,7.3,5.81,1.49,0.0,0.94,0.43,1.56
202339,Eric Bledsoe,1610612756,PHX,27.0,33.0,7.0,4.33,2.67,0.17,2.71,1.12,0.05
201569,Eric Gordon,1610612745,HOU,28.0,31.0,5.49,2.77,2.72,0.04,1.23,0.66,0.18
101141,Ersan Ilyasova,1610612737,ATL,29.0,26.0,6.03,3.88,2.15,0.45,1.94,0.48,1.58
203095,Evan Fournier,1610612753,ORL,24.0,33.0,5.16,2.67,2.49,0.06,2.04,1.12,0.4
202323,Evan Turner,1610612757,POR,28.0,26.0,7.0,3.92,3.08,0.02,1.58,0.78,0.27
1626163,Frank Kaminsky,1610612766,CHA,24.0,26.0,8.93,6.28,2.65,0.05,1.15,0.55,2.77
1627832,Fred VanVleet,1610612761,TOR,23.0,8.0,1.31,0.67,0.64,0.0,0.97,0.22,0.06
202066,Garrett Temple,1610612758,SAC,30.0,27.0,7.25,3.27,3.98,0.05,2.63,0.7,0.27
203914,Gary Harris,1610612743,DEN,22.0,31.0,4.73,2.23,2.5,0.0,2.73,0.91,0.11
202390,Gary Neal,1610612737,ATL,32.0,9.0,0.5,0.0,0.5,0.0,0.0,0.0,0.0
1627780,Gary Payton II,1610612749,MIL,24.0,13.0,2.6,1.4,1.2,0.0,1.2,0.2,0.2
201588,George Hill,1610612762,UTA,30.0,32.0,7.25,4.08,3.17,0.13,2.1,0.71,0.17
1627777,Georges Niang,1610612754,IND,23.0,4.0,1.0,0.57,0.43,0.04,0.26,0.04,0.22
1627834,Georgios Papagiannis,1610612758,SAC,19.0,15.0,6.65,5.7,0.95,0.0,0.2,0.25,1.7
101123,Gerald Green,1610612738,BOS,31.0,11.0,3.2,1.7,1.5,0.0,0.5,0.26,0.11
201945,Gerald Henderson,1610612755,PHI,29.0,23.0,4.62,2.28,2.34,0.08,1.13,0.65,0.1
203507,Giannis Antetokounmpo,1610612749,MIL,22.0,36.0,9.98,6.6,3.38,0.03,2.7,1.36,1.13
203922,Glenn Robinson III,1610612754,IND,23.0,21.0,5.26,2.88,2.38,0.01,1.04,0.46,0.07
201609,Goran Dragic,1610612748,MIA,30.0,34.0,6.14,3.9,2.24,0.06,2.04,0.99,0.43
202330,Gordon Hayward,1610612762,UTA,27.0,35.0,5.63,3.82,1.81,0.01,1.68,1.1,0.33
203476,Gorgui Dieng,1610612750,MIN,27.0,32.0,13.2,10.43,2.78,0.25,2.59,0.96,3.25
202328,Greg Monroe,1610612749,MIL,26.0,23.0,6.75,5.48,1.28,0.23,2.13,0.8,1.56
202349,Greivis Vasquez,1610612751,BKN,30.0,13.0,2.0,1.67,0.33,0.0,0.33,0.33,0.0
203084,Harrison Barnes,1610612742,DAL,24.0,36.0,8.57,5.43,3.14,0.0,1.67,0.89,1.61
202355,Hassan Whiteside,1610612748,MIA,27.0,33.0,11.25,9.88,1.37,0.01,1.49,0.8,3.2
1627740,Henry Ellenson,1610612765,DET,20.0,7.0,2.5,1.06,1.44,0.0,0.06,0.11,0.39
203138,Hollis Thompson,1610612740,NOP,26.0,19.0,3.95,2.3,1.65,0.0,0.95,0.3,0.13
203546,Ian Clark,1610612744,GSW,26.0,15.0,2.76,1.32,1.45,0.0,0.96,0.34,0.22
101133,Ian Mahinmi,1610612764,WAS,30.0,18.0,8.16,6.58,1.58,0.06,2.29,0.61,2.55
202697,Iman Shumpert,1610612739,CLE,26.0,25.0,5.4,2.76,2.64,0.0,1.88,0.51,0.44
203477,Isaiah Canaan,1610612741,CHI,25.0,15.0,2.21,1.21,1.0,0.05,0.9,0.41,0.1
1627819,Isaiah Taylor,1610612745,HOU,22.0,17.0,3.33,2.0,1.33,0.0,0.33,0.0,0.0
202738,Isaiah Thomas,1610612738,BOS,28.0,34.0,5.01,2.59,2.43,0.05,1.53,1.01,0.41
1627785,Isaiah Whitehead,1610612751,BKN,22.0,22.0,5.97,3.65,2.32,0.17,1.53,0.54,0.14
202397,Ish Smith,1610612765,DET,28.0,24.0,5.23,3.24,1.99,0.1,1.55,0.79,0.28
1627826,Ivica Zubac,1610612747,LAL,20.0,16.0,8.5,7.18,1.32,0.0,0.58,0.37,2.18
200826,J.J. Barea,1610612742,DAL,32.0,22.0,2.79,1.26,1.53,0.06,0.47,0.59,0.18
200755,JJ Redick,1610612746,LAC,32.0,28.0,4.25,2.69,1.56,0.08,1.39,0.49,0.39
2747,JR Smith,1610612739,CLE,31.0,29.0,5.35,2.5,2.85,0.05,2.1,0.68,0.58
203210,JaMychal Green,1610612763,MEM,26.0,27.0,7.43,4.38,3.05,0.17,1.49,0.51,0.97
201580,JaVale McGee,1610612744,GSW,29.0,9.0,5.03,4.18,0.84,0.0,0.33,0.22,0.8
203953,Jabari Parker,1610612749,MIL,22.0,34.0,9.25,4.55,4.71,0.0,2.06,1.1,0.57
203109,Jae Crowder,1610612738,BOS,26.0,32.0,7.11,3.52,3.59,0.06,2.42,0.92,0.75
1626143,Jahlil Okafor,1610612755,PHI,21.0,23.0,10.14,8.72,1.42,0.02,0.68,0.72,1.22
1627774,Jake Layman,1610612757,POR,23.0,6.0,1.29,0.71,0.59,0.03,0.5,0.15,0.0
1627751,Jakob Poeltl,1610612761,TOR,21.0,11.0,4.21,3.58,0.62,0.0,0.7,0.32,1.83
2037,Jamal Crawford,1610612746,LAC,37.0,26.0,2.58,1.41,1.17,0.0,1.48,0.51,0.1
1627750,Jamal Murray,1610612743,DEN,20.0,21.0,5.36,3.23,2.14,0.06,1.13,0.69,0.08
2749,Jameer Nelson,1610612743,DEN,35.0,27.0,4.67,2.51,2.16,0.07,1.2,0.76,0.24
203516,James Ennis III,1610612763,MEM,26.0,23.0,5.55,3.13,2.42,0.03,1.47,0.81,0.38
201935,James Harden,1610612745,HOU,27.0,36.0,8.18,4.5,3.68,0.11,2.85,1.05,0.54
201949,James Johnson,1610612748,MIA,30.0,27.0,9.27,6.09,3.17,0.04,2.16,0.77,2.04
2592,James Jones,1610612739,CLE,36.0,7.0,1.55,0.89,0.66,0.02,0.3,0.06,0.55
203949,James Michael McAdoo,1610612744,GSW,24.0,8.0,3.61,2.69,0.92,0.04,0.51,0.1,1.06
203923,James Young,1610612738,BOS,21.0,8.0,1.75,0.61,1.14,0.0,0.43,0.25,0.04
201162,Jared Dudley,1610612756,PHX,31.0,21.0,6.45,4.45,2.0,0.22,1.48,0.38,1.22
203096,Jared Sullinger,1610612761,TOR,25.0,11.0,4.18,3.18,1.0,0.0,0.82,0.45,1.0
204067,Jarell Eddie,1610612756,PHX,25.0,12.0,3.8,2.0,1.8,0.0,0.4,0.6,0.0
1626185,Jarell Martin,1610612763,MEM,22.0,13.0,4.17,2.8,1.37,0.1,0.85,0.34,0.66
203950,Jarnell Stokes,1610612743,DEN,23.0,3.0,1.0,1.0,0.0,0.0,0.0,0.5,1.0
101127,Jarrett Jack,1610612740,NOP,33.0,17.0,4.5,3.0,1.5,0.5,1.5,0.5,0.0
1627784,Jarrod Uthoff,1610612742,DAL,23.0,11.0,2.86,1.71,1.14,0.0,0.86,0.14,0.14
201160,Jason Smith,1610612764,WAS,31.0,15.0,6.22,4.52,1.7,0.03,0.58,0.29,1.52
1891,Jason Terry,1610612749,MIL,39.0,19.0,4.08,1.75,2.33,0.0,1.19,0.47,0.45
1627759,Jaylen Brown,1610612738,BOS,20.0,17.0,4.05,2.29,1.77,0.0,1.0,0.38,0.19
201145,Jeff Green,1610612753,ORL,30.0,22.0,6.33,3.74,2.59,0.09,1.03,0.46,0.65
201952,Jeff Teague,1610612754,IND,28.0,32.0,5.9,2.98,2.93,0.16,2.6,0.95,0.51
203481,Jeff Withey,1610612762,UTA,27.0,9.0,5.14,4.66,0.48,0.0,0.44,0.2,1.5
203924,Jerami Grant,1610612760,OKC,23.0,19.0,5.76,4.04,1.72,0.06,0.96,0.31,0.4
203087,Jeremy Lamb,1610612766,CHA,24.0,18.0,4.82,2.48,2.34,0.03,0.97,0.39,0.08
202391,Jeremy Lin,1610612751,BKN,28.0,25.0,6.5,4.81,1.69,0.22,2.0,1.25,0.36
1626170,Jerian Grant,1610612741,CHI,24.0,16.0,3.61,2.02,1.6,0.03,1.27,0.39,0.1
201573,Jerryd Bayless,1610612755,PHI,28.0,24.0,3.33,2.33,1.0,0.0,0.67,0.0,0.0
202710,Jimmy Butler,1610612741,CHI,27.0,37.0,5.53,2.92,2.61,0.09,3.55,1.28,0.44
201149,Joakim Noah,1610612752,NYK,32.0,22.0,8.0,6.7,1.3,0.04,1.15,0.41,3.72
201975,Jodie Meeks,1610612753,ORL,29.0,21.0,3.89,2.0,1.89,0.09,1.8,0.54,0.14
203925,Joe Harris,1610612751,BKN,25.0,22.0,5.98,3.71,2.27,0.0,0.96,0.5,0.17
204060,Joe Ingles,1610612762,UTA,29.0,24.0,4.22,1.99,2.23,0.0,2.2,0.79,0.26
2207,Joe Johnson,1610612762,UTA,35.0,24.0,4.32,1.91,2.42,0.0,0.91,0.44,0.26
1626202,Joe Young,1610612754,IND,24.0,4.0,0.67,0.36,0.3,0.03,0.33,0.09,0.0
201202,Joel Anthony,1610612759,SAS,34.0,6.0,2.74,2.42,0.32,0.11,0.21,0.16,0.42
1627762,Joel Bolomboy,1610612762,UTA,23.0,4.0,1.75,1.42,0.33,0.0,0.08,0.08,0.25
203954,Joel Embiid,1610612755,PHI,23.0,25.0,12.06,10.19,1.87,0.03,2.0,0.58,2.19
203530,Joffrey Lauvergne,1610612741,CHI,25.0,14.0,4.06,2.83,1.23,0.13,0.51,0.33,1.16
203089,John Henson,1610612749,MIL,26.0,19.0,8.25,7.04,1.21,0.02,1.19,0.33,1.91
203098,John Jenkins,1610612756,PHX,26.0,3.0,0.5,0.25,0.25,0.0,0.0,0.25,0.0
101249,John Lucas III,1610612750,MIN,34.0,2.0,0.0,0.0,0.0,0.0,0.8,0.0,0.0
202322,John Wall,1610612764,WAS,26.0,36.0,5.54,3.63,1.91,0.06,3.83,1.5,0.1
203948,Johnny O'Bryant III,1610612766,CHA,23.0,7.0,1.45,1.09,0.36,0.0,0.18,0.27,0.64
202720,Jon Leuer,1610612765,DET,27.0,26.0,8.3,6.16,2.14,0.01,0.8,0.51,1.7
201973,Jonas Jerebko,1610612738,BOS,30.0,16.0,4.64,3.26,1.38,0.08,0.73,0.31,0.58
202685,Jonas Valanciunas,1610612761,TOR,24.0,26.0,10.08,9.0,1.08,0.03,0.87,0.59,3.67
1626780,Jonathan Gibson,1610612742,DAL,29.0,14.0,2.41,0.88,1.53,0.12,0.71,0.47,0.06
203613,Jonathon Simmons,1610612759,SAS,27.0,18.0,3.18,1.69,1.49,0.1,1.19,0.4,0.17
203903,Jordan Clarkson,1610612747,LAL,24.0,29.0,5.74,2.88,2.86,0.01,1.96,0.98,0.16
202348,Jordan Crawford,1610612740,NOP,28.0,23.0,3.0,1.47,1.53,0.0,1.12,0.65,0.06
200770,Jordan Farmar,1610612758,SAC,30.0,18.0,4.5,3.5,1.0,0.0,1.0,1.0,0.5
201941,Jordan Hill,1610612750,MIN,29.0,7.0,2.71,2.0,0.71,0.0,0.29,0.0,0.43
203895,Jordan McRae,1610612739,CLE,26.0,10.0,2.57,1.59,0.97,0.0,0.46,0.11,0.08
1626175,Jordan Mickey,1610612738,BOS,22.0,6.0,2.24,1.68,0.56,0.0,0.36,0.28,0.64
101181,Jose Calderon,1610612737,ATL,35.0,13.0,2.38,1.0,1.38,0.05,0.97,0.44,0.13
203962,Josh Huestis,1610612760,OKC,25.0,7.0,4.0,3.0,1.0,0.0,0.0,1.0,0.0
201177,Josh McRoberts,1610612748,MIA,30.0,17.0,4.86,3.64,1.23,0.0,1.05,0.36,1.73
1626196,Josh Richardson,1610612748,MIA,23.0,30.0,7.52,5.08,2.44,0.0,2.42,0.92,0.33
201950,Jrue Holiday,1610612740,NOP,26.0,33.0,7.65,3.6,4.05,0.05,3.22,1.17,0.17
1627823,Juan Hernangomez,1610612743,DEN,21.0,13.0,4.62,3.02,1.6,0.0,0.67,0.48,0.3
203944,Julius Randle,1610612747,LAL,22.0,29.0,9.5,6.61,2.89,0.0,1.39,0.97,3.03
1626147,Justin Anderson,1610612755,PHI,23.0,16.0,3.62,2.18,1.45,0.07,0.96,0.45,0.12
203120,Justin Hamilton,1610612751,BKN,27.0,18.0,9.73,7.92,1.81,0.03,0.92,0.27,1.4
202712,Justin Harper,1610612755,PHI,27.0,10.0,4.67,3.0,1.67,0.0,0.33,0.67,0.67
203200,Justin Holiday,1610612752,NYK,28.0,20.0,5.07,2.86,2.21,0.02,1.51,0.68,0.15
1626159,Justise Winslow,1610612748,MIA,21.0,35.0,9.39,6.5,2.89,0.0,2.5,0.61,1.06
203994,Jusuf Nurkic,1610612757,POR,22.0,21.0,8.88,7.85,1.03,0.0,1.92,0.52,2.92
203909,KJ McDaniels,1610612751,BKN,24.0,10.0,2.4,1.38,1.02,0.0,0.5,0.33,0.02
1626157,Karl-Anthony Towns,1610612750,MIN,21.0,37.0,13.51,10.25,3.26,0.0,1.14,1.04,2.91
202695,Kawhi Leonard,1610612759,SAS,25.0,34.0,6.71,4.3,2.41,0.0,3.42,1.26,0.4
1627770,Kay Felder,1610612739,CLE,22.0,9.0,2.14,1.02,1.12,0.0,0.79,0.21,0.14
203482,Kelly Olynyk,1610612738,BOS,25.0,20.0,8.5,5.81,2.69,0.19,1.34,0.55,1.53
1626162,Kelly Oubre Jr.,1610612764,WAS,21.0,20.0,4.64,2.46,2.18,0.08,2.46,0.68,0.24
202689,Kemba Walker,1610612766,CHA,26.0,35.0,7.39,3.68,3.71,0.35,2.19,1.1,0.27
202702,Kenneth Faried,1610612743,DEN,27.0,21.0,6.46,4.8,1.66,0.31,1.18,0.74,1.75
203145,Kent Bazemore,1610612737,ATL,27.0,27.0,6.14,3.64,2.5,0.1,2.74,0.57,0.31
203484,Kentavious Caldwell-Pope,1610612765,DET,24.0,34.0,4.49,2.35,2.15,0.07,2.28,0.92,0.07
201142,Kevin Durant,1610612744,GSW,28.0,33.0,9.69,6.23,3.46,0.05,2.23,0.87,1.02
201567,Kevin Love,1610612739,CLE,28.0,31.0,7.87,5.37,2.5,0.12,1.57,1.17,1.13
202338,Kevin Seraphin,1610612754,IND,27.0,11.0,4.58,3.19,1.4,0.0,0.38,0.15,1.19
1626172,Kevon Looney,1610612744,GSW,21.0,8.0,4.15,2.87,1.28,0.04,0.36,0.23,0.64
203114,Khris Middleton,1610612749,MIL,25.0,31.0,6.34,2.69,3.66,0.24,3.0,0.69,0.38
202691,Klay Thompson,1610612744,GSW,27.0,34.0,7.17,4.48,2.69,0.0,1.42,0.95,0.53
201585,Kosta Koufos,1610612758,SAC,28.0,20.0,7.72,6.46,1.25,0.0,1.07,0.31,1.79
1627739,Kris Dunn,1610612750,MIN,23.0,17.0,4.04,2.5,1.54,0.0,2.21,0.61,0.08
2743,Kris Humphries,1610612737,ATL,32.0,12.0,4.04,3.39,0.65,0.0,0.54,0.26,1.44
204001,Kristaps Porzingis,1610612752,NYK,21.0,33.0,15.39,11.38,4.02,0.0,1.48,0.85,2.08
203937,Kyle Anderson,1610612759,SAS,23.0,14.0,3.13,1.96,1.17,0.01,1.21,0.39,0.14
2594,Kyle Korver,1610612739,CLE,36.0,26.0,5.64,3.42,2.21,0.17,1.17,0.55,0.53
200768,Kyle Lowry,1610612761,TOR,31.0,38.0,5.93,3.08,2.85,0.25,3.76,1.19,0.76
203124,Kyle O'Quinn,1610612752,NYK,27.0,16.0,7.04,5.81,1.23,0.01,0.83,0.54,1.38
202713,Kyle Singler,1610612760,OKC,28.0,11.0,2.83,1.8,1.03,0.07,0.5,0.07,0.13
1627787,Kyle Wiltjer,1610612745,HOU,24.0,3.0,1.15,0.77,0.38,0.0,0.23,0.0,0.08
202681,Kyrie Irving,1610612739,CLE,25.0,35.0,5.01,2.89,2.13,0.04,2.53,1.28,0.58
200746,LaMarcus Aldridge,1610612759,SAS,31.0,33.0,11.37,8.94,2.42,0.0,1.27,0.65,2.54
203934,Lamar Patterson,1610612737,ATL,25.0,8.0,2.4,1.0,1.4,0.0,1.6,0.2,0.0
202362,Lance Stephenson,1610612754,IND,26.0,20.0,3.0,1.35,1.65,0.0,0.94,0.71,0.18
202498,Lance Thomas,1610612752,NYK,28.0,21.0,3.78,1.57,2.22,0.02,1.13,0.5,0.48
204038,Langston Galloway,1610612758,SAC,25.0,20.0,3.97,1.9,2.07,0.03,1.42,0.54,0.11
1626204,Larry Nance Jr.,1610612747,LAL,24.0,23.0,6.84,4.8,2.03,0.0,2.51,0.87,2.03
202336,Larry Sanders,1610612739,CLE,28.0,3.0,1.4,1.4,0.0,0.0,0.2,0.2,0.2
202730,Lavoy Allen,1610612754,IND,28.0,14.0,4.49,2.74,1.75,0.0,0.64,0.39,1.36
2544,LeBron James,1610612739,CLE,32.0,38.0,6.89,3.69,3.2,0.11,2.26,1.11,0.7
2571,Leandro Barbosa,1610612756,PHX,34.0,14.0,1.18,0.55,0.63,0.03,1.0,0.37,0.07
101150,Lou Williams,1610612745,HOU,30.0,25.0,4.16,2.18,1.99,0.04,1.69,0.81,0.09
201601,Luc Mbah a Moute,1610612746,LAC,30.0,22.0,6.62,4.58,2.04,0.03,1.95,0.65,0.58
203512,Lucas Nogueira,1610612761,TOR,24.0,19.0,10.25,8.36,1.89,0.0,1.63,0.46,3.68
2449,Luis Scola,1610612751,BKN,36.0,13.0,4.5,3.61,0.89,0.08,0.86,0.25,1.22
202337,Luke Babbitt,1610612748,MIA,27.0,16.0,5.38,4.1,1.28,0.0,0.54,0.25,0.51
2736,Luol Deng,1610612747,LAL,31.0,27.0,7.41,4.41,3.0,0.04,1.36,0.43,0.3
1627781,Malachi Richardson,1610612758,SAC,21.0,9.0,2.09,0.55,1.55,0.05,0.41,0.23,0.09
1627763,Malcolm Brogdon,1610612749,MIL,24.0,26.0,5.64,3.03,2.61,0.0,1.77,0.8,0.46
1627098,Malcolm Delaney,1610612737,ATL,28.0,17.0,2.45,1.14,1.31,0.21,1.21,0.51,0.21
1627736,Malik Beasley,1610612743,DEN,20.0,4.0,0.71,0.43,0.29,0.05,0.33,0.05,0.0
202412,Manny Harris,1610612742,DAL,27.0,6.0,0.75,0.5,0.25,0.0,0.25,0.25,0.0
1938,Manu Ginobili,1610612759,SAS,39.0,19.0,2.37,1.32,1.04,0.15,2.09,0.74,0.28
201188,Marc Gasol,1610612763,MEM,32.0,34.0,9.84,8.07,1.77,0.05,1.66,0.68,3.0
1626273,Marcelo Huertas,1610612747,LAL,33.0,10.0,2.3,1.35,0.96,0.0,0.87,0.39,0.17
101162,Marcin Gortat,1610612764,WAS,33.0,31.0,11.04,9.48,1.56,0.2,0.96,0.51,6.22
201158,Marco Belinelli,1610612766,CHA,31.0,24.0,5.08,1.97,3.11,0.01,1.23,0.41,0.11
1627875,Marcus Georges-Hunt,1610612753,ORL,23.0,9.0,3.0,1.75,1.25,0.0,0.5,0.5,0.0
202694,Marcus Morris,1610612765,DET,27.0,33.0,6.77,3.94,2.84,0.08,1.46,0.72,0.62
203935,Marcus Smart,1610612738,BOS,23.0,30.0,6.59,3.23,3.36,0.31,2.94,0.95,0.33
201977,Marcus Thornton,1610612764,WAS,29.0,17.0,2.39,0.88,1.52,0.0,0.97,0.48,0.12
1626209,Mario Hezonja,1610612753,ORL,22.0,15.0,3.7,2.0,1.7,0.02,1.38,0.38,0.17
202693,Markieff Morris,1610612764,WAS,27.0,31.0,9.2,6.47,2.72,0.04,2.14,0.71,1.58
1627737,Marquese Chriss,1610612756,PHX,19.0,21.0,6.69,4.57,2.12,0.06,1.6,0.48,1.2
201578,Marreese Speights,1610612746,LAC,29.0,16.0,5.62,4.51,1.11,0.42,0.62,0.23,1.16
1627850,Marshall Plumlee,1610612752,NYK,24.0,7.0,3.3,2.25,1.05,0.0,0.4,0.35,1.0
101107,Marvin Williams,1610612766,CHA,30.0,30.0,9.53,6.24,3.29,0.03,1.64,0.55,1.79
203486,Mason Plumlee,1610612743,DEN,27.0,26.0,9.87,8.24,1.63,0.11,1.92,0.65,4.29
2440,Matt Barnes,1610612744,GSW,37.0,24.0,6.46,3.28,3.18,0.01,1.65,0.41,0.62
203521,Matthew Dellavedova,1610612749,MIL,26.0,26.0,5.79,2.7,3.09,0.07,1.2,0.55,0.84
203090,Maurice Harkless,1610612757,POR,23.0,29.0,7.96,5.39,2.57,0.01,2.39,0.76,0.58
1626254,Maurice Ndour,1610612752,NYK,24.0,10.0,2.71,1.58,1.13,0.0,0.9,0.23,0.42
1897,Metta World Peace,1610612747,LAL,37.0,5.0,1.61,0.61,1.0,0.0,0.57,0.13,0.04
203086,Meyers Leonard,1610612757,POR,25.0,16.0,7.4,6.27,1.12,0.04,0.66,0.23,2.81
201563,Michael Beasley,1610612749,MIL,28.0,16.0,4.65,2.51,2.15,0.0,0.95,0.45,0.2
203487,Michael Carter-Williams,1610612741,CHI,25.0,19.0,4.55,2.89,1.66,0.05,1.82,0.93,0.2
1627771,Michael Gbinije,1610612765,DET,24.0,4.0,0.44,0.22,0.22,0.0,0.0,0.11,0.0
203077,Michael Kidd-Gilchrist,1610612766,CHA,23.0,29.0,10.54,5.94,4.6,0.1,1.64,0.95,0.26
201144,Mike Conley,1610612763,MEM,29.0,33.0,6.79,3.21,3.59,0.1,2.51,1.44,0.29
2399,Mike Dunleavy,1610612737,ATL,36.0,16.0,3.47,1.84,1.63,0.06,0.61,0.22,0.18
2034,Mike Miller,1610612743,DEN,37.0,5.0,0.83,0.33,0.5,0.0,0.11,0.0,0.44
203488,Mike Muscala,1610612737,ATL,25.0,18.0,7.93,5.88,2.04,0.04,0.78,0.31,1.43
203118,Mike Scott,1610612737,ATL,28.0,11.0,3.11,1.67,1.44,0.0,0.39,0.28,0.78
1627861,Mike Tobey,1610612766,CHA,22.0,13.0,4.0,2.5,1.5,0.0,0.5,0.0,0.5
203101,Miles Plumlee,1610612766,CHA,28.0,10.0,3.61,3.18,0.43,0.0,0.84,0.2,1.61
1627851,Mindaugas Kuzminskas,1610612752,NYK,27.0,15.0,2.7,1.43,1.27,0.0,0.75,0.4,0.22
203141,Mirza Teletovic,1610612749,MIL,31.0,16.0,4.26,2.74,1.52,0.03,0.42,0.25,0.32
101145,Monta Ellis,1610612754,IND,31.0,27.0,4.75,2.26,2.49,0.11,2.12,0.95,0.08
1626149,Montrezl Harrell,1610612745,HOU,23.0,18.0,8.55,6.03,2.52,0.19,0.62,0.48,1.84
1626167,Myles Turner,1610612754,IND,21.0,31.0,11.84,9.8,2.04,0.01,1.81,0.55,3.59
202357,Nemanja Bjelica,1610612750,MIN,28.0,18.0,5.89,3.92,1.97,0.03,1.26,0.58,0.65
2403,Nene,1610612745,HOU,34.0,18.0,6.64,4.88,1.76,0.15,1.52,0.7,2.7
203457,Nerlens Noel,1610612742,DAL,23.0,21.0,8.39,6.96,1.43,0.04,2.57,0.96,2.12
2555,Nick Collison,1610612760,OKC,36.0,6.0,2.17,1.94,0.22,0.11,0.17,0.17,0.67
201156,Nick Young,1610612747,LAL,31.0,26.0,4.83,2.53,2.3,0.03,1.62,0.38,0.42
201587,Nicolas Batum,1610612766,CHA,28.0,34.0,7.46,4.04,3.42,0.01,2.07,0.66,0.2
1627852,Nicolas Brussino,1610612742,DAL,24.0,9.0,1.96,1.15,0.81,0.0,0.44,0.23,0.04
1627879,Nicolas Laprovittola,1610612759,SAS,27.0,10.0,2.17,1.44,0.72,0.06,0.56,0.22,0.06
203917,Nik Stauskas,1610612755,PHI,23.0,27.0,5.77,3.32,2.46,0.0,1.08,0.66,0.15
203999,Nikola Jokic,1610612743,DEN,22.0,28.0,10.85,9.0,1.85,0.0,1.82,0.82,3.44
202703,Nikola Mirotic,1610612741,CHI,26.0,24.0,8.13,5.55,2.58,0.04,1.41,0.68,0.81
202696,Nikola Vucevic,1610612753,ORL,26.0,29.0,8.93,7.74,1.19,0.0,1.89,0.69,3.28
203943,Noah Vonleh,1610612757,POR,21.0,17.0,6.21,4.48,1.73,0.01,0.79,0.58,1.66
1626181,Norman Powell,1610612761,TOR,23.0,18.0,3.25,1.72,1.53,0.0,1.36,0.72,0.11
202708,Norris Cole,1610612760,OKC,28.0,8.0,1.18,0.64,0.55,0.0,1.0,0.18,0.0
1627855,Okaro White,1610612748,MIA,24.0,13.0,4.5,3.15,1.35,0.06,0.71,0.32,0.88
201600,Omer Asik,1610612740,NOP,30.0,16.0,5.1,4.39,0.71,0.0,0.71,0.16,1.97
201956,Omri Casspi,1610612750,MIN,28.0,18.0,4.5,3.0,1.5,0.0,0.97,0.26,0.18
203490,Otto Porter Jr.,1610612764,WAS,23.0,33.0,7.68,4.39,3.29,0.05,2.92,1.04,0.65
200782,PJ Tucker,1610612761,TOR,31.0,28.0,5.81,3.28,2.54,0.1,2.7,1.03,0.83
1627783,Pascal Siakam,1610612761,TOR,23.0,15.0,6.48,4.5,1.98,0.0,1.28,0.35,0.74
1626192,Pat Connaughton,1610612757,POR,24.0,7.0,2.16,1.18,0.97,0.0,0.26,0.18,0.05
1627868,Patricio Garino,1610612753,ORL,23.0,8.0,0.25,0.0,0.25,0.0,0.25,0.0,0.25
201976,Patrick Beverley,1610612745,HOU,28.0,31.0,6.68,3.29,3.39,0.33,3.02,1.53,0.73
1627775,Patrick McCaw,1610612744,GSW,21.0,15.0,3.46,2.17,1.29,0.0,1.13,0.41,0.21
202335,Patrick Patterson,1610612761,TOR,28.0,25.0,7.59,4.61,2.98,0.09,1.28,0.38,1.86
201988,Patty Mills,1610612759,SAS,28.0,22.0,2.91,1.51,1.41,0.11,1.46,0.68,0.13
2200,Pau Gasol,1610612759,SAS,36.0,25.0,11.32,9.75,1.57,0.0,0.83,0.37,2.6
202331,Paul George,1610612754,IND,26.0,36.0,8.55,4.3,4.26,0.09,3.14,1.38,0.55
200794,Paul Millsap,1610612737,ATL,32.0,34.0,12.79,8.4,4.4,0.07,3.1,1.04,2.81
1718,Paul Pierce,1610612746,LAC,39.0,11.0,3.75,2.21,1.54,0.08,0.33,0.21,0.71
1627835,Paul Zipser,1610612741,CHI,23.0,19.0,5.79,3.56,2.23,0.02,0.65,0.28,0.12
203510,Pierre Jackson,1610612742,DAL,25.0,9.0,1.11,0.56,0.56,0.11,0.78,0.22,0.0
203112,Quincy Acy,1610612751,BKN,26.0,15.0,5.34,3.79,1.55,0.16,1.26,0.18,0.63
1626188,Quinn Cook,1610612740,NOP,24.0,12.0,1.58,0.67,0.92,0.0,0.17,0.25,0.17
1626154,RJ Hunter,1610612741,CHI,23.0,3.0,0.67,0.33,0.33,0.0,0.0,0.0,0.0
200765,Rajon Rondo,1610612741,CHI,31.0,27.0,3.6,1.74,1.87,0.07,2.76,1.04,0.31
1626176,Rakeem Christmas,1610612754,IND,25.0,8.0,3.52,2.48,1.03,0.0,0.41,0.14,0.83
201196,Ramon Sessions,1610612766,CHA,31.0,16.0,2.94,1.38,1.56,0.0,0.86,0.5,0.1
200751,Randy Foye,1610612751,BKN,33.0,19.0,3.29,2.07,1.22,0.04,0.88,0.44,0.13
1626173,Rashad Vaughn,1610612749,MIL,20.0,10.0,2.13,1.28,0.85,0.0,0.7,0.15,0.03
203526,Raul Neto,1610612762,UTA,24.0,9.0,2.73,1.6,1.13,0.0,0.93,0.43,0.1
101109,Raymond Felton,1610612746,LAC,32.0,21.0,5.2,2.82,2.38,0.01,1.81,0.76,0.1
203493,Reggie Bullock,1610612765,DET,26.0,15.0,3.07,1.43,1.63,0.0,0.83,0.3,0.03
202704,Reggie Jackson,1610612765,DET,26.0,28.0,6.31,3.02,3.29,0.02,1.48,0.65,0.21
202130,Reggie Williams,1610612740,NOP,30.0,13.0,2.67,1.0,1.67,0.0,0.5,0.17,0.0
2210,Richard Jefferson,1610612739,CLE,36.0,20.0,5.33,2.91,2.42,0.09,0.79,0.53,0.31
1626158,Richaun Holmes,1610612755,PHI,23.0,21.0,7.95,6.86,1.09,0.02,1.54,0.64,1.68
201937,Ricky Rubio,1610612750,MIN,26.0,33.0,4.81,2.22,2.59,0.12,3.73,1.2,0.28
203496,Robert Covington,1610612755,PHI,26.0,32.0,6.97,4.03,2.94,0.04,4.22,0.85,0.42
201577,Robin Lopez,1610612741,CHI,29.0,28.0,16.14,14.25,1.89,0.0,0.54,0.55,2.73
203918,Rodney Hood,1610612762,UTA,24.0,27.0,5.29,3.38,1.91,0.0,0.93,0.66,0.19
203585,Rodney McGruder,1610612748,MIA,25.0,25.0,5.99,3.73,2.26,0.0,1.27,0.86,0.3
201155,Rodney Stuckey,1610612754,IND,30.0,18.0,3.13,1.56,1.56,0.03,0.64,0.51,0.15
1627758,Ron Baker,1610612752,NYK,24.0,16.0,3.31,1.9,1.41,0.02,1.59,0.55,0.24
1626178,Rondae Hollis-Jefferson,1610612751,BKN,22.0,22.0,7.52,5.1,2.42,0.0,2.13,0.97,0.68
101179,Ronnie Price,1610612756,PHX,33.0,9.0,0.92,0.54,0.38,0.15,1.38,0.31,0.15
201579,Roy Hibbert,1610612743,DEN,30.0,14.0,6.77,6.08,0.69,0.0,0.6,0.27,2.94
200752,Rudy Gay,1610612758,SAC,30.0,34.0,8.4,4.9,3.5,0.07,2.8,1.17,0.67
203497,Rudy Gobert,1610612762,UTA,24.0,34.0,14.33,12.79,1.54,0.03,1.66,0.56,6.11
201566,Russell Westbrook,1610612760,OKC,28.0,35.0,3.64,2.08,1.56,0.04,2.88,1.3,0.01
201583,Ryan Anderson,1610612745,HOU,28.0,29.0,7.99,5.72,2.27,0.2,0.86,0.52,1.15
203527,Ryan Kelly,1610612737,ATL,26.0,6.0,2.07,1.27,0.8,0.07,0.2,0.27,0.6
1626257,Salah Mejri,1610612742,DAL,30.0,12.0,5.38,4.94,0.44,0.31,0.87,0.39,1.48
1626155,Sam Dekker,1610612745,HOU,22.0,18.0,6.31,4.17,2.14,0.01,1.03,0.55,0.3
2756,Sasha Vujacic,1610612752,NYK,33.0,9.0,1.63,0.78,0.85,0.0,0.71,0.44,0.1
203930,Sean Kilpatrick,1610612751,BKN,27.0,25.0,4.16,2.04,2.11,0.09,1.21,0.57,0.14
203902,Semaj Christon,1610612760,OKC,24.0,15.0,2.73,1.68,1.05,0.0,0.97,0.34,0.05
201586,Serge Ibaka,1610612761,TOR,27.0,31.0,11.7,8.75,2.95,0.0,0.89,0.46,2.04
200771,Sergio Rodriguez,1610612755,PHI,30.0,22.0,2.71,1.44,1.26,0.01,1.26,0.68,0.21
203552,Seth Curry,1610612742,DAL,26.0,29.0,4.54,2.0,2.54,0.11,2.3,0.79,0.34
203498,Shabazz Muhammad,1610612750,MIN,24.0,19.0,3.21,1.64,1.57,0.0,0.43,0.47,0.09
203894,Shabazz Napier,1610612757,POR,25.0,9.0,1.35,0.69,0.65,0.0,1.12,0.31,0.04
2733,Shaun Livingston,1610612744,GSW,31.0,18.0,3.27,1.61,1.65,0.01,0.93,0.6,0.49
1627848,Shawn Long,1610612755,PHI,24.0,13.0,6.47,5.24,1.24,0.0,1.12,0.41,1.53
1627815,Sheldon McClellan,1610612764,WAS,24.0,9.0,2.38,1.28,1.1,0.07,0.69,0.21,0.0
202714,Shelvin Mack,1610612762,UTA,26.0,22.0,4.69,2.31,2.37,0.02,1.65,0.52,0.2
1627746,Skal Labissiere,1610612758,SAC,21.0,18.0,6.68,4.45,2.23,0.0,1.0,0.94,1.19
203524,Solomon Hill,1610612740,NOP,26.0,30.0,7.21,4.09,3.12,0.01,2.27,0.76,0.46
203915,Spencer Dinwiddie,1610612751,BKN,24.0,22.0,5.05,3.03,2.02,0.02,1.5,0.6,0.28
201150,Spencer Hawes,1610612749,MIL,28.0,15.0,5.11,4.08,1.04,0.0,0.47,0.25,1.81
1626169,Stanley Johnson,1610612765,DET,20.0,18.0,3.46,1.99,1.47,0.0,1.34,0.39,0.08
201939,Stephen Curry,1610612744,GSW,29.0,33.0,5.64,2.81,2.83,0.1,3.32,1.51,1.33
1627757,Stephen Zimmerman,1610612753,ORL,20.0,5.0,2.22,1.83,0.39,0.0,0.17,0.28,0.78
200779,Steve Novak,1610612749,MIL,33.0,3.0,0.5,0.38,0.13,0.0,0.0,0.0,0.0
203500,Steven Adams,1610612760,OKC,23.0,30.0,12.65,9.92,2.73,0.0,1.88,1.03,3.5
204456,T.J. McConnell,1610612755,PHI,25.0,26.0,4.21,2.39,1.83,0.05,3.45,1.2,0.21
203933,TJ Warren,1610612756,PHX,23.0,31.0,4.98,2.71,2.28,0.0,2.17,0.91,0.08
201959,Taj Gibson,1610612760,OKC,31.0,26.0,8.97,6.34,2.64,0.03,0.91,0.61,1.31
204028,Tarik Black,1610612747,LAL,25.0,16.0,7.66,6.02,1.65,0.11,1.03,0.48,2.32
1627752,Taurean Prince,1610612737,ATL,23.0,16.0,5.05,2.74,2.32,0.05,1.4,0.53,0.09
203093,Terrence Jones,1610612749,MIL,25.0,24.0,8.2,5.93,2.28,0.0,1.06,0.59,1.57
203082,Terrence Ross,1610612753,ORL,26.0,25.0,5.05,2.77,2.29,0.0,2.22,0.58,0.14
1626179,Terry Rozier,1610612738,BOS,23.0,17.0,2.73,1.38,1.34,0.0,1.14,0.59,0.21
200757,Thabo Sefolosha,1610612737,ATL,32.0,26.0,6.78,3.93,2.85,0.02,2.92,0.8,0.48
201152,Thaddeus Young,1610612754,IND,28.0,30.0,9.47,5.68,3.78,0.12,2.85,1.03,1.6
203080,Thomas Robinson,1610612747,LAL,26.0,11.0,3.2,2.15,1.04,0.13,1.02,0.48,1.3
1627748,Thon Maker,1610612749,MIL,20.0,10.0,4.09,3.34,0.75,0.07,0.5,0.34,0.41
201168,Tiago Splitter,1610612755,PHI,32.0,8.0,4.0,3.43,0.57,0.0,0.29,0.29,1.43
204025,Tim Frazier,1610612740,NOP,26.0,23.0,4.6,2.03,2.57,0.17,1.65,0.76,0.19
203501,Tim Hardaway Jr.,1610612737,ATL,25.0,27.0,6.35,2.83,3.51,0.12,1.29,0.56,0.42
1627817,Tim Quarterman,1610612757,POR,22.0,4.0,1.2,0.73,0.47,0.07,0.33,0.0,0.0
202389,Timofey Mozgov,1610612747,LAL,30.0,20.0,9.09,7.61,1.48,0.02,0.56,0.22,2.5
1627789,Timothe Luwawu-Cabarrot,1610612755,PHI,21.0,17.0,4.38,2.56,1.82,0.0,0.97,0.59,0.09
202699,Tobias Harris,1610612765,DET,24.0,31.0,9.42,5.86,3.56,0.0,1.56,0.6,1.07
203107,Tomas Satoransky,1610612764,WAS,25.0,12.0,2.7,1.64,1.05,0.04,0.98,0.29,0.09
201962,Toney Douglas,1610612763,MEM,31.0,16.0,2.46,1.21,1.25,0.04,1.5,0.67,0.0
2754,Tony Allen,1610612763,MEM,35.0,27.0,6.09,3.19,2.9,0.0,3.33,1.17,0.56
2225,Tony Parker,1610612759,SAS,34.0,25.0,3.71,1.85,1.85,0.0,0.92,0.56,0.08
203503,Tony Snell,1610612749,MIL,25.0,29.0,6.18,3.06,3.11,0.03,1.66,0.61,0.16
1626203,Treveon Graham,1610612766,CHA,23.0,6.0,1.77,0.96,0.81,0.04,0.19,0.15,0.08
2772,Trevor Ariza,1610612745,HOU,31.0,35.0,6.03,3.28,2.75,0.1,3.09,0.89,0.34
202344,Trevor Booker,1610612751,BKN,29.0,25.0,6.56,3.86,2.7,0.03,1.79,0.89,2.1
203504,Trey Burke,1610612764,WAS,24.0,12.0,2.0,1.04,0.96,0.0,0.71,0.23,0.05
1626168,Trey Lyles,1610612762,UTA,21.0,16.0,4.6,3.11,1.49,0.0,0.69,0.3,0.49
202684,Tristan Thompson,1610612739,CLE,26.0,30.0,12.57,9.74,2.83,0.0,0.95,0.84,4.84
203584,Troy Daniels,1610612763,MEM,25.0,18.0,3.62,1.61,2.02,0.11,0.65,0.47,0.12
1627786,Troy Williams,1610612745,HOU,22.0,19.0,4.59,2.14,2.45,0.0,1.41,0.52,0.0
201951,Ty Lawson,1610612758,SAC,29.0,25.0,3.56,1.79,1.76,0.01,1.91,0.96,0.22
203898,Tyler Ennis,1610612747,LAL,22.0,10.0,1.94,0.9,1.04,0.02,0.71,0.33,0.16
204020,Tyler Johnson,1610612748,MIA,24.0,30.0,7.46,4.74,2.72,0.08,2.11,0.96,0.32
1627755,Tyler Ulis,1610612756,PHX,21.0,18.0,2.3,1.1,1.2,0.03,1.53,0.6,0.02
203092,Tyler Zeller,1610612738,BOS,27.0,10.0,4.24,3.64,0.6,0.12,0.26,0.08,1.1
201936,Tyreke Evans,1610612758,SAC,27.0,20.0,3.8,1.73,2.08,0.03,1.38,0.43,0.03
2199,Tyson Chandler,1610612756,PHX,34.0,28.0,8.11,7.13,0.98,0.02,1.19,0.45,4.32
1626145,Tyus Jones,1610612750,MIN,20.0,13.0,1.95,0.83,1.12,0.09,1.36,0.43,0.12
2617,Udonis Haslem,1610612748,MIA,36.0,9.0,2.13,2.0,0.13,0.07,0.53,0.27,0.87
203506,Victor Oladipo,1610612760,OKC,24.0,33.0,7.65,3.91,3.74,0.11,2.43,1.22,0.17
1713,Vince Carter,1610612763,MEM,40.0,25.0,5.46,2.94,2.51,0.04,1.57,0.53,0.49
1627735,Wade Baldwin IV,1610612763,MEM,21.0,12.0,3.06,1.75,1.31,0.0,0.78,0.44,0.06
201961,Wayne Ellington,1610612748,MIA,29.0,24.0,4.56,2.51,2.05,0.0,1.11,0.72,0.15
1627782,Wayne Selden,1610612763,MEM,22.0,16.0,4.15,2.15,2.0,0.08,0.85,0.54,0.0
202325,Wesley Johnson,1610612746,LAC,29.0,12.0,3.51,2.33,1.18,0.0,1.43,0.31,0.55
202083,Wesley Matthews,1610612742,DAL,30.0,35.0,7.12,3.51,3.62,0.19,2.6,0.97,0.36
203115,Will Barton,1610612743,DEN,26.0,28.0,5.38,3.25,2.13,0.0,1.6,0.63,0.07
1626161,Willie Cauley-Stein,1610612758,SAC,23.0,19.0,6.38,4.6,1.78,0.01,1.34,0.7,1.37
203186,Willie Reed,1610612748,MIA,26.0,15.0,5.01,4.26,0.76,0.13,0.49,0.33,1.97
1626195,Willy Hernangomez,1610612752,NYK,22.0,18.0,7.46,6.21,1.25,0.03,1.39,0.61,2.06
201163,Wilson Chandler,1610612743,DEN,29.0,31.0,8.24,4.83,3.41,0.0,1.4,0.56,0.49
1627812,Yogi Ferrell,1610612742,DAL,23.0,26.0,4.23,2.05,2.18,0.16,1.98,1.23,0.23
203897,Zach LaVine,1610612750,MIN,22.0,37.0,5.83,2.55,3.28,0.0,1.72,0.77,0.23
2216,Zach Randolph,1610612763,MEM,35.0,25.0,6.68,4.47,2.21,0.01,1.47,0.78,1.89
2585,Zaza Pachulia,1610612744,GSW,33.0,18.0,6.36,5.51,0.86,0.0,1.78,0.71,3.45
