PLAYER_ID,PLAYER,FIRST_NAME,LAST_NAME,TEAM_ABBREVIATION,GP,MIN,PTS,PTS_DRIVE,FGP_DRIVE,PTS_CLOSE,FGP_CLOSE,PTS_CATCH_SHOOT,FGP_CATCH_SHOOT,PTS_PULL_UP,FGP_PULL_UP,FGA_DRIVE,FGA_CLOSE,FGA_CATCH_SHOOT,FGA_PULL_UP,EFG_PCT,CFGM,CFGA,CFGP,UFGM,UFGA,UFGP,CFG3M,CFG3A,CFG3P,UFG3M,UFG3A,UFG3P,X
201599,DeAndre Jordan,DeAndre,Jordan,LAC,80,31.7,12.6,0.1,0.429,6.5,0.825,0.0,0.5,0.0,0.0,0.1,3.6,0.0,0.0,0.713,0.0,0.0,1.0,0.0,0.0,0.0,0.0,0.0,0.0,0.0,0.0,0.0,NA
2199,Tyson Chandler,Tyson,Chandler,PHX,45,27.3,8.3,0.1,0.5,4.1,0.75,0.0,0.25,0.0,1.0,0.0,2.3,0.1,0.0,0.676,0.0,0.0,0.0,0.0,0.1,0.5,0.0,0.0,0.0,0.0,0.0,0.0,NA
2594,Kyle Korver,Kyle,Korver,CLE,33,24.8,10.7,0.0,0.0,0.2,0.8,7.5,0.463,2.2,0.538,0.1,0.2,5.8,1.6,0.669,1.0,2.5,0.405,2.6,5.0,0.518,0.7,1.6,0.415,2.1,4.2,0.511,NA
203497,Rudy Gobert,Rudy,Gobert,UTA,80,33.9,14.0,0.4,0.5,6.9,0.752,0.1,0.455,0.0,0.0,0.2,3.8,0.1,0.0,0.662,0.0,0.1,0.429,0.0,0.1,0.25,0.0,0.0,0.0,0.0,0.0,0.0,NA
1626149,Montrezl Harrell,Montrezl,Harrell,HOU,58,18.4,9.1,0.6,0.652,3.8,0.748,0.3,0.242,0.2,0.5,0.4,2.3,0.6,0.2,0.654,0.1,0.2,0.333,0.2,0.6,0.294,0.0,0.0,0.5,0.0,0.1,0.0,NA
201580,JaVale McGee,JaVale,McGee,GSW,76,9.5,6.1,0.2,0.778,3.7,0.776,0.0,0.167,0.0,0.2,0.1,2.2,0.1,0.1,0.651,0.0,0.1,0.25,0.0,0.1,0.167,0.0,0.0,0.0,0.0,0.0,0.0,NA
203991,Clint Capela,Clint,Capela,HOU,64,23.7,12.4,0.2,0.3,7.4,0.742,0.1,0.6,0.0,1.0,0.3,4.6,0.1,0.0,0.637,0.0,0.1,0.75,0.0,0.0,0.333,0.0,0.0,0.0,0.0,0.0,0.0,NA
2730,Dwight Howard,Dwight,Howard,ATL,73,29.7,13.5,0.2,0.444,7.5,0.69,0.3,0.375,0.0,0.333,0.1,4.5,0.4,0.0,0.631,0.1,0.1,0.667,0.2,0.5,0.3,0.0,0.0,0.0,0.0,0.0,0.0,NA
203473,Dewayne Dedmon,Dewayne,Dedmon,SAS,74,17.6,5.2,0.0,0.0,2.6,0.683,0.2,0.409,0.0,1.0,0.0,1.7,0.3,0.0,0.626,0.0,0.1,0.25,0.1,0.3,0.478,0.0,0.0,0.0,0.0,0.0,0.0,NA
2403,Nene, ,Nene,HOU,66,17.9,9.1,0.4,0.545,3.8,0.697,0.8,0.41,0.3,0.45,0.3,2.3,0.9,0.3,0.622,0.0,0.1,0.375,0.5,1.3,0.404,0.0,0.0,0.0,0.0,0.1,0.333,NA
2594,Kyle Korver,Kyle,Korver,TOTAL,65,26.3,10.1,0.1,0.143,0.4,0.8,6.7,0.453,2.2,0.46,0.1,0.2,5.3,1.9,0.621,1.1,2.8,0.411,2.2,4.6,0.478,0.6,1.6,0.368,1.8,3.7,0.486,NA
203490,Otto Porter Jr.,Otto,Porter Jr.,WAS,79,32.6,13.5,0.8,0.533,1.2,0.695,6.7,0.471,1.6,0.433,0.6,0.7,5.2,1.8,0.609,0.7,1.6,0.444,2.6,5.5,0.463,0.2,0.7,0.358,1.6,3.6,0.453,NA
2738,Andre Iguodala,Andre,Iguodala,GSW,76,26.4,7.6,0.5,0.478,1.4,0.746,2.4,0.375,0.9,0.456,0.3,0.9,2.2,0.9,0.605,0.3,0.8,0.373,1.0,2.5,0.406,0.1,0.3,0.231,0.8,2.0,0.384,NA
101161,Amir Johnson,Amir,Johnson,BOS,79,20.1,6.4,0.4,0.457,3.0,0.691,0.8,0.373,0.1,0.4,0.4,1.9,0.7,0.1,0.605,0.0,0.1,0.75,0.3,0.9,0.352,0.0,0.0,0.667,0.3,0.8,0.377,NA
203999,Nikola Jokic,Nikola,Jokic,DEN,70,27.9,16.6,1.4,0.519,4.7,0.761,3.3,0.473,0.3,0.314,1.2,2.8,2.9,0.5,0.603,0.6,1.1,0.488,1.4,3.2,0.439,0.0,0.2,0.133,0.6,1.7,0.339,NA
203457,Nerlens Noel,Nerlens,Noel,TOTAL,49,20.6,8.7,0.3,0.455,3.9,0.782,0.8,0.38,0.1,0.167,0.2,2.2,1.0,0.2,0.597,0.1,0.2,0.273,0.4,1.1,0.345,0.0,0.0,0.0,0.0,0.0,0.0,NA
202684,Tristan Thompson,Tristan,Thompson,CLE,77,30.1,8.1,0.2,0.4,3.6,0.724,0.0,0.1,0.1,0.444,0.3,2.2,0.1,0.1,0.596,0.1,0.2,0.385,0.0,0.1,0.273,0.0,0.0,0.0,0.0,0.0,0.0,NA
2544,LeBron James,LeBron,James,CLE,74,37.8,26.4,7.8,0.624,2.2,0.804,2.2,0.397,5.0,0.354,4.7,1.2,1.9,5.9,0.594,0.6,1.9,0.289,2.6,6.6,0.384,0.1,0.6,0.191,1.6,4.0,0.39,NA
101135,David Lee,David,Lee,SAS,77,18.9,7.4,0.3,0.391,2.8,0.712,0.4,0.395,0.3,0.435,0.3,1.7,0.5,0.3,0.591,0.1,0.3,0.5,0.2,0.6,0.38,0.0,0.0,0.0,0.0,0.0,0.0,NA
202722,Davis Bertans,Davis,Bertans,SAS,65,12.2,4.6,0.4,0.471,0.3,0.875,2.9,0.403,0.4,0.4,0.3,0.1,2.4,0.4,0.59,0.1,0.3,0.273,1.1,2.5,0.418,0.1,0.3,0.235,1.0,2.3,0.42,NA
201142,Kevin Durant,Kevin,Durant,GSW,61,33.5,25.0,4.9,0.641,2.1,0.724,5.8,0.477,4.2,0.388,2.4,1.2,4.6,5.0,0.59,2.0,5.1,0.397,2.4,5.2,0.461,0.5,1.7,0.307,1.3,3.3,0.397,NA
1626158,Richaun Holmes,Richaun,Holmes,PHI,56,20.7,9.7,0.4,0.429,3.8,0.696,2.2,0.397,0.0,0.083,0.4,2.5,2.2,0.2,0.59,0.0,0.2,0.167,0.9,2.3,0.391,0.0,0.0,0.0,0.5,1.3,0.36,NA
204060,Joe Ingles,Joe,Ingles,UTA,81,24.0,7.1,1.3,0.524,0.1,0.571,3.4,0.455,1.3,0.331,1.0,0.1,2.5,1.5,0.588,0.2,0.8,0.279,1.4,3.2,0.439,0.2,0.6,0.333,1.3,2.8,0.461,NA
201160,Jason Smith,Jason,Smith,WAS,73,14.6,5.7,0.4,0.5,0.4,0.667,3.8,0.522,0.2,0.5,0.2,0.3,3.2,0.2,0.587,0.2,0.4,0.423,1.6,3.0,0.527,0.0,0.1,0.333,0.5,1.0,0.486,NA
101112,Channing Frye,Channing,Frye,CLE,72,18.9,9.0,0.4,0.524,1.2,0.652,5.8,0.421,0.6,0.422,0.3,0.6,4.8,0.6,0.586,0.2,0.7,0.362,2.1,4.9,0.433,0.1,0.3,0.292,1.8,4.2,0.414,NA
1626245,Cristiano Felicio,Cristiano,Felicio,CHI,65,15.7,4.8,0.1,0.3,2.0,0.792,0.2,0.308,0.1,0.5,0.2,1.1,0.4,0.1,0.583,0.0,0.1,0.25,0.2,0.5,0.4,0.0,0.0,0.0,0.0,0.0,0.0,NA
203914,Gary Harris,Gary,Harris,DEN,55,30.8,14.8,2.5,0.427,1.6,0.684,5.2,0.453,1.4,0.327,2.3,1.0,3.9,1.9,0.583,0.4,1.4,0.304,2.0,4.5,0.439,0.2,0.8,0.279,1.6,3.7,0.438,NA
203503,Tony Snell,Tony,Snell,MIL,79,29.2,8.4,0.7,0.469,0.5,0.783,5.4,0.416,0.7,0.407,0.6,0.3,4.5,0.7,0.583,0.2,0.9,0.225,2.0,4.4,0.444,0.1,0.6,0.188,1.7,3.8,0.434,NA
201939,Stephen Curry,Stephen,Curry,GSW,78,33.5,25.4,4.6,0.577,1.2,0.627,6.9,0.473,7.9,0.386,3.0,0.8,5.0,7.8,0.581,1.3,3.8,0.338,4.2,9.3,0.455,0.8,2.5,0.303,3.3,7.4,0.448,NA
203482,Kelly Olynyk,Kelly,Olynyk,BOS,74,20.5,9.1,1.3,0.557,2.6,0.759,2.8,0.372,0.6,0.304,0.8,1.5,2.6,0.9,0.581,0.1,0.4,0.231,1.2,3.3,0.365,0.0,0.0,0.0,0.9,2.5,0.355,NA
203469,Cody Zeller,Cody,Zeller,CHA,60,28.0,10.4,0.9,0.42,3.4,0.681,0.4,0.295,0.2,0.389,0.8,2.0,0.7,0.3,0.576,0.1,0.2,0.462,0.3,0.9,0.321,0.0,0.0,0.0,0.0,0.0,0.0,NA
203552,Seth Curry,Seth,Curry,DAL,69,29.1,12.8,3.1,0.582,0.1,0.25,3.9,0.405,4.4,0.455,2.3,0.1,3.2,4.1,0.574,1.0,2.7,0.368,2.3,4.8,0.473,0.4,1.2,0.313,1.6,3.4,0.46,NA
101162,Marcin Gortat,Marcin,Gortat,WAS,81,31.0,10.7,0.1,1.0,5.5,0.62,0.5,0.333,0.3,0.355,0.0,4.0,0.8,0.4,0.574,0.2,0.6,0.333,0.3,0.8,0.387,0.0,0.0,0.0,0.0,0.0,0.0,NA
1626157,Karl-Anthony Towns,Karl-Anthony,Towns,MIN,80,36.9,25.1,2.7,0.51,5.6,0.684,5.0,0.427,0.9,0.347,2.0,3.5,4.5,1.2,0.574,0.3,0.9,0.304,2.4,5.7,0.416,0.0,0.2,0.214,1.2,3.1,0.371,NA
201967,Dante Cunningham,Dante,Cunningham,NOP,64,25.2,6.5,0.3,0.444,1.1,0.653,3.5,0.41,0.1,0.154,0.3,0.8,3.0,0.2,0.573,0.3,0.5,0.5,1.0,2.9,0.364,0.2,0.4,0.538,0.8,2.3,0.359,NA
1627741,Buddy Hield,Buddy,Hield,SAC,23,28.6,14.4,1.5,0.441,0.6,0.5,3.9,0.38,6.3,0.492,1.5,0.4,3.4,5.4,0.573,0.7,1.8,0.357,3.3,7.0,0.469,0.0,0.4,0.1,2.3,5.0,0.448,NA
203459,Allen Crabbe,Allen,Crabbe,POR,79,28.5,10.7,1.1,0.439,0.5,0.708,5.7,0.45,1.6,0.456,0.8,0.3,4.5,1.7,0.572,0.9,2.2,0.415,1.9,4.1,0.462,0.3,0.9,0.382,1.4,2.9,0.464,NA
203109,Jae Crowder,Jae,Crowder,BOS,71,32.5,13.8,1.3,0.61,1.8,0.732,5.8,0.403,2.0,0.341,0.6,1.0,5.0,2.4,0.571,0.7,2.1,0.322,2.2,5.5,0.405,0.4,1.3,0.305,1.8,4.1,0.428,NA
2594,Kyle Korver,Kyle,Korver,ATL,32,27.9,9.5,0.1,0.2,0.5,0.8,5.8,0.441,2.3,0.405,0.2,0.3,4.8,2.3,0.571,1.2,3.0,0.417,1.8,4.2,0.429,0.5,1.7,0.321,1.5,3.3,0.453,NA
203500,Steven Adams,Steven,Adams,OKC,78,30.1,11.4,0.1,1.0,5.5,0.62,0.5,0.432,0.0,0.077,0.0,3.8,0.6,0.2,0.569,0.1,0.4,0.29,0.2,0.4,0.414,0.0,0.0,0.0,0.0,0.0,0.0,NA
1891,Jason Terry,Jason,Terry,MIL,72,18.6,4.0,0.5,0.48,0.0,0.5,2.6,0.426,0.5,0.366,0.3,0.0,2.1,0.6,0.568,0.2,0.7,0.333,0.9,2.0,0.434,0.2,0.5,0.342,0.8,1.8,0.437,NA
201229,Anthony Tolliver,Anthony,Tolliver,SAC,64,22.8,7.0,0.5,0.5,1.0,0.622,4.3,0.394,0.1,0.286,0.3,0.6,3.8,0.2,0.568,0.2,0.5,0.344,1.4,3.6,0.391,0.1,0.3,0.35,1.3,3.2,0.393,NA
201563,Michael Beasley,Michael,Beasley,MIL,54,16.4,9.4,2.0,0.537,1.4,0.582,1.6,0.456,1.5,0.471,1.5,1.0,1.5,1.6,0.567,0.6,1.4,0.479,0.9,1.9,0.447,0.0,0.1,0.333,0.3,0.7,0.444,NA
203488,Mike Muscala,Mike,Muscala,ATL,68,17.6,6.1,0.2,0.444,1.7,0.703,3.0,0.428,0.1,0.333,0.1,1.1,2.8,0.2,0.567,0.1,0.3,0.278,1.2,2.7,0.432,0.0,0.0,0.0,0.6,1.5,0.419,NA
202691,Klay Thompson,Klay,Thompson,GSW,77,34.1,22.5,1.9,0.481,2.4,0.678,11.6,0.456,3.5,0.378,1.4,1.5,9.4,4.2,0.567,2.2,5.8,0.383,3.8,8.1,0.469,0.8,2.2,0.347,2.7,6.1,0.441,NA
203078,Bradley Beal,Bradley,Beal,WAS,77,34.7,23.1,4.5,0.5,1.0,0.674,7.0,0.442,5.9,0.449,3.3,0.6,5.6,5.7,0.566,1.3,3.1,0.413,3.8,8.4,0.452,0.4,1.2,0.358,2.4,5.9,0.412,NA
200768,Kyle Lowry,Kyle,Lowry,TOR,58,37.7,22.6,6.8,0.55,0.2,0.571,4.1,0.417,7.4,0.424,4.5,0.1,3.3,6.5,0.566,1.4,3.8,0.361,2.8,6.3,0.445,0.9,2.6,0.329,2.4,5.3,0.452,NA
201162,Jared Dudley,Jared,Dudley,PHX,64,21.2,6.8,0.5,0.538,0.4,0.647,4.1,0.394,0.7,0.5,0.4,0.3,3.8,0.6,0.565,0.4,0.8,0.5,1.4,3.6,0.386,0.2,0.5,0.467,1.0,2.7,0.364,NA
203546,Ian Clark,Ian,Clark,GSW,76,14.7,6.9,1.1,0.5,1.1,0.725,2.2,0.439,1.5,0.402,1.0,0.7,1.7,1.7,0.564,0.4,1.0,0.413,1.0,2.4,0.425,0.0,0.2,0.158,0.8,1.8,0.414,NA
201156,Nick Young,Nick,Young,LAL,60,25.9,13.2,0.8,0.429,0.2,0.833,6.5,0.443,4.0,0.38,0.6,0.1,5.0,4.3,0.564,1.7,4.3,0.389,2.2,5.2,0.424,1.0,2.8,0.371,1.8,4.2,0.426,NA
201152,Thaddeus Young,Thaddeus,Young,IND,72,30.1,11.1,0.8,0.491,3.6,0.641,2.1,0.355,0.4,0.448,0.8,2.7,2.1,0.4,0.562,0.1,0.2,0.278,0.9,2.3,0.381,0.0,0.0,0.0,0.6,1.6,0.398,NA
101139,CJ Miles,CJ,Miles,IND,74,23.4,10.6,1.0,0.394,0.4,0.8,6.4,0.411,1.1,0.38,0.9,0.2,5.4,1.2,0.561,0.8,2.2,0.362,1.9,4.5,0.42,0.5,1.4,0.346,1.7,3.9,0.427,NA
202711,Bojan Bogdanovic,Bojan,Bogdanovic,WAS,25,22.9,12.9,1.8,0.417,0.7,0.467,4.5,0.39,2.0,0.5,1.4,0.6,4.0,1.7,0.558,0.9,1.9,0.479,1.5,3.9,0.392,0.4,1.0,0.44,1.3,3.4,0.384,NA
200755,JJ Redick,JJ,Redick,LAC,77,28.2,15.0,1.2,0.451,0.1,0.25,6.8,0.444,4.3,0.422,0.9,0.1,5.6,4.3,0.558,1.3,3.5,0.355,3.0,6.4,0.474,0.7,1.9,0.351,1.9,4.1,0.466,NA
203186,Willie Reed,Willie,Reed,MIA,69,14.6,5.1,0.1,0.429,2.2,0.607,0.4,0.433,0.1,0.2,0.1,1.6,0.4,0.1,0.558,0.1,0.2,0.286,0.2,0.4,0.379,0.0,0.0,0.333,0.0,0.0,0.0,NA
202685,Jonas Valanciunas,Jonas,Valanciunas,TOR,78,26.0,12.0,0.3,0.583,4.7,0.695,1.6,0.496,0.2,0.412,0.2,2.9,1.7,0.2,0.558,0.2,0.4,0.382,0.9,1.8,0.472,0.0,0.0,0.0,0.0,0.0,0.0,NA
202337,Luke Babbitt,Luke,Babbitt,MIA,68,15.7,4.8,0.1,0.125,0.0,0.0,3.7,0.415,0.7,0.435,0.2,0.0,3.0,0.7,0.557,0.2,0.5,0.382,1.4,3.3,0.425,0.1,0.2,0.417,1.2,2.9,0.408,NA
201988,Patty Mills,Patty,Mills,SAS,79,22.0,9.5,0.7,0.5,0.3,0.786,3.7,0.407,3.3,0.402,0.6,0.2,3.1,3.3,0.556,0.6,1.8,0.354,2.0,4.6,0.422,0.3,0.9,0.304,1.6,3.6,0.437,NA
203939,Dwight Powell,Dwight,Powell,DAL,74,17.1,6.5,0.4,0.467,2.3,0.713,1.4,0.319,0.1,0.222,0.4,1.4,1.8,0.1,0.556,0.1,0.3,0.273,0.5,1.7,0.312,0.0,0.1,0.143,0.2,0.7,0.314,NA
202355,Hassan Whiteside,Hassan,Whiteside,MIA,75,32.5,16.8,0.3,0.5,7.8,0.647,0.9,0.359,0.5,0.404,0.3,5.2,1.2,0.6,0.556,0.3,0.8,0.333,0.5,1.6,0.345,0.0,0.0,0.0,0.0,0.0,0.0,NA
203210,JaMychal Green,JaMychal,Green,MEM,76,27.4,9.0,0.5,0.481,2.0,0.596,3.1,0.464,0.2,0.286,0.4,1.3,2.6,0.4,0.555,0.1,0.4,0.259,1.3,2.8,0.455,0.0,0.2,0.167,0.7,1.7,0.4,NA
203090,Maurice Harkless,Maurice,Harkless,POR,76,28.9,10.0,1.0,0.333,2.4,0.667,2.8,0.369,0.2,0.286,1.2,1.7,2.6,0.4,0.555,0.1,0.4,0.323,0.9,2.6,0.352,0.1,0.3,0.364,0.8,2.3,0.349,NA
201601,Luc Mbah a Moute,Luc,Mbah a Moute,LAC,79,22.2,5.9,1.0,0.459,1.1,0.644,2.0,0.408,0.4,0.485,0.8,0.7,1.9,0.4,0.555,0.0,0.2,0.25,0.9,2.2,0.436,0.0,0.1,0.25,0.5,1.2,0.398,NA
2733,Shaun Livingston,Shaun,Livingston,GSW,75,17.7,5.2,0.5,0.56,1.3,0.701,0.4,0.481,2.1,0.471,0.3,0.9,0.4,2.3,0.554,1.0,2.1,0.471,0.3,0.6,0.477,0.0,0.0,0.0,0.0,0.0,0.333,NA
101108,Chris Paul,Chris,Paul,LAC,60,31.5,18.1,2.4,0.533,0.2,0.667,1.6,0.459,10.4,0.461,1.8,0.2,1.2,9.6,0.554,1.5,3.6,0.428,3.6,7.5,0.473,0.3,1.1,0.288,1.7,3.8,0.442,NA
2399,Mike Dunleavy,Mike,Dunleavy,TOTAL,51,15.8,5.2,0.4,0.316,0.7,0.8,2.8,0.422,0.6,0.286,0.4,0.4,2.3,0.8,0.553,0.2,0.8,0.256,1.0,2.3,0.432,0.2,0.5,0.346,0.8,2.0,0.42,NA
201588,George Hill,George,Hill,UTA,48,31.7,17.0,4.3,0.528,0.7,0.762,3.5,0.406,5.3,0.434,3.0,0.4,2.9,5.2,0.553,1.2,2.8,0.432,2.3,5.6,0.414,0.3,0.8,0.385,1.6,4.0,0.406,NA
2200,Pau Gasol,Pau,Gasol,SAS,62,25.4,12.5,1.0,0.5,2.3,0.633,5.1,0.51,0.5,0.348,0.7,1.6,4.1,0.7,0.551,0.3,0.8,0.404,2.1,4.2,0.5,0.0,0.1,0.6,0.8,1.6,0.536,NA
201585,Kosta Koufos,Kosta,Koufos,SAC,71,20.0,6.6,0.1,0.6,3.6,0.559,0.3,0.344,0.1,0.385,0.1,3.0,0.5,0.2,0.551,0.1,0.3,0.444,0.1,0.4,0.31,0.0,0.0,0.0,0.0,0.0,0.0,NA
1627746,Skal Labissiere,Skal,Labissiere,SAC,31,17.8,8.7,0.4,0.417,2.3,0.6,1.7,0.556,1.2,0.559,0.4,1.6,1.5,1.1,0.551,0.6,1.3,0.462,0.9,1.5,0.587,0.0,0.0,0.0,0.1,0.2,0.429,NA
202683,Enes Kanter,Enes,Kanter,OKC,70,21.3,14.4,0.4,0.526,3.7,0.59,1.2,0.345,0.1,0.192,0.3,2.5,1.7,0.4,0.55,0.1,0.5,0.212,0.7,1.9,0.358,0.0,0.1,0.25,0.1,0.5,0.118,NA
201583,Ryan Anderson,Ryan,Anderson,HOU,71,29.3,13.5,0.8,0.432,0.9,0.583,7.2,0.429,2.1,0.341,0.6,0.5,5.6,2.5,0.549,0.2,0.6,0.31,3.1,7.7,0.406,0.1,0.3,0.389,2.7,6.7,0.404,NA
201961,Wayne Ellington,Wayne,Ellington,MIA,60,24.0,10.4,0.2,0.5,0.1,0.75,6.2,0.398,2.5,0.387,0.2,0.1,5.6,2.6,0.549,1.0,3.0,0.345,2.3,5.4,0.424,0.6,2.0,0.308,1.8,4.3,0.407,NA
202738,Isaiah Thomas,Isaiah,Thomas,BOS,75,34.0,29.1,9.6,0.514,0.2,0.5,4.7,0.407,7.5,0.413,6.5,0.1,3.9,7.0,0.548,2.1,5.7,0.37,2.5,5.6,0.449,1.4,4.2,0.335,1.8,4.3,0.423,NA
201586,Serge Ibaka,Serge,Ibaka,ORL,56,30.4,15.1,0.5,0.5,2.9,0.607,6.7,0.418,1.4,0.435,0.5,2.2,6.3,1.5,0.547,0.9,2.3,0.395,2.6,6.1,0.422,0.1,0.2,0.5,1.3,3.5,0.374,NA
1626204,Larry Nance Jr.,Larry,Nance Jr.,LAL,61,22.6,7.0,0.1,0.286,2.1,0.75,1.7,0.376,0.1,0.25,0.1,1.2,2.0,0.3,0.547,0.1,0.3,0.235,0.8,2.1,0.37,0.0,0.0,0.0,0.1,0.5,0.286,NA
203925,Joe Harris,Joe,Harris,BKN,51,21.9,8.3,1.2,0.429,0.5,0.591,4.2,0.396,1.1,0.328,1.1,0.4,3.6,1.2,0.545,0.3,1.2,0.283,1.5,3.6,0.405,0.3,0.9,0.348,1.3,3.4,0.395,NA
202702,Kenneth Faried,Kenneth,Faried,DEN,60,21.3,9.5,0.4,0.5,3.6,0.59,0.2,0.208,0.1,0.25,0.2,2.7,0.4,0.3,0.544,0.0,0.2,0.143,0.1,0.5,0.241,0.0,0.0,0.0,0.0,0.1,0.0,NA
203897,Zach LaVine,Zach,LaVine,MIN,47,37.2,18.9,3.4,0.48,0.1,0.429,5.2,0.424,5.2,0.383,2.7,0.1,4.2,5.7,0.544,1.1,3.3,0.342,2.9,7.0,0.419,0.6,1.7,0.325,2.0,4.9,0.409,NA
203468,CJ McCollum,CJ,McCollum,POR,80,34.9,23.0,5.7,0.51,0.4,0.652,4.7,0.433,8.8,0.462,4.4,0.3,3.8,8.6,0.544,2.7,6.2,0.438,3.0,6.4,0.467,0.8,2.0,0.381,1.6,3.5,0.444,NA
203082,Terrence Ross,Terrence,Ross,TOR,53,22.3,10.5,1.2,0.519,0.1,1.0,4.1,0.347,3.4,0.472,1.0,0.0,4.0,3.0,0.544,1.1,2.8,0.377,1.8,4.4,0.411,0.5,1.5,0.316,1.3,3.3,0.406,NA
2561,David West,David,West,GSW,67,12.5,4.7,0.1,0.5,1.5,0.632,1.7,0.509,0.1,0.417,0.1,1.0,1.6,0.2,0.544,0.0,0.1,0.333,0.9,1.8,0.496,0.0,0.0,0.0,0.0,0.1,0.375,NA
201144,Mike Conley,Mike,Conley,MEM,68,33.4,20.6,5.4,0.5,0.2,0.545,3.5,0.432,7.2,0.41,4.0,0.2,2.8,7.1,0.543,0.9,2.8,0.335,3.2,7.2,0.448,0.4,1.4,0.28,2.1,4.7,0.445,NA
1626155,Sam Dekker,Sam,Dekker,HOU,77,18.5,6.5,0.9,0.36,0.9,0.78,2.2,0.337,0.3,0.312,1.0,0.5,2.2,0.4,0.543,0.1,0.2,0.294,0.8,2.4,0.33,0.0,0.2,0.167,0.8,2.3,0.331,NA
201586,Serge Ibaka,Serge,Ibaka,TOTAL,79,30.6,14.8,0.6,0.39,2.6,0.59,6.9,0.42,1.3,0.433,0.5,2.0,6.5,1.5,0.543,0.9,2.3,0.386,2.7,6.3,0.436,0.2,0.4,0.414,1.4,3.6,0.385,NA
203922,Glenn Robinson III,Glenn,Robinson III,IND,68,20.5,6.0,0.5,0.478,0.7,0.645,2.6,0.431,0.7,0.359,0.3,0.5,2.2,0.9,0.543,0.3,0.9,0.356,1.0,2.3,0.43,0.1,0.2,0.375,0.6,1.6,0.402,NA
203507,Giannis Antetokounmpo,Giannis,Antetokounmpo,MIL,79,35.5,23.1,5.9,0.509,4.0,0.764,1.3,0.299,2.7,0.322,4.1,2.0,1.6,3.9,0.541,0.4,1.3,0.282,1.5,4.4,0.33,0.1,0.2,0.357,0.6,2.1,0.267,NA
201578,Marreese Speights,Marreese,Speights,LAC,81,15.7,8.7,0.5,0.478,1.5,0.681,3.9,0.373,0.5,0.409,0.3,0.9,3.5,0.5,0.541,0.2,0.6,0.32,1.4,3.6,0.386,0.1,0.2,0.353,1.2,3.1,0.376,NA
203120,Justin Hamilton,Justin,Hamilton,BKN,62,18.1,6.9,0.2,0.357,1.9,0.697,3.0,0.342,0.2,0.25,0.2,1.2,3.0,0.3,0.54,0.2,0.6,0.343,0.9,2.9,0.322,0.1,0.3,0.35,0.8,2.5,0.314,NA
2210,Richard Jefferson,Richard,Jefferson,CLE,77,20.3,5.7,0.9,0.449,0.9,0.744,2.3,0.351,0.2,0.222,0.6,0.5,2.2,0.5,0.54,0.2,0.6,0.375,0.7,2.1,0.319,0.2,0.5,0.361,0.6,1.9,0.329,NA
202695,Kawhi Leonard,Kawhi,Leonard,SAS,72,33.5,25.5,4.1,0.508,1.4,0.619,5.3,0.46,7.4,0.425,2.6,0.9,4.3,8.0,0.54,1.9,5.0,0.372,3.7,7.7,0.481,0.2,1.0,0.246,1.8,4.3,0.408,NA
201949,James Johnson,James,Johnson,MIA,74,27.2,12.8,4.6,0.564,0.6,0.714,3.2,0.393,1.5,0.356,3.1,0.4,2.8,2.0,0.538,0.4,1.0,0.361,1.5,3.9,0.385,0.1,0.3,0.28,1.1,2.9,0.361,NA
203501,Tim Hardaway Jr.,Tim,Hardaway Jr.,ATL,78,27.3,14.5,2.8,0.5,1.0,0.787,4.6,0.38,2.7,0.365,2.3,0.6,4.2,3.1,0.537,0.8,2.2,0.337,2.0,5.1,0.384,0.3,1.1,0.291,1.6,4.2,0.376,NA
1627747,Caris LeVert,Caris,LeVert,BKN,55,21.7,8.3,2.1,0.566,0.2,0.667,2.0,0.343,2.0,0.387,1.4,0.2,2.0,2.2,0.537,0.3,0.6,0.548,1.3,3.7,0.34,0.1,0.2,0.444,1.0,3.0,0.323,NA
1626167,Myles Turner,Myles,Turner,IND,79,31.4,14.5,0.5,0.733,5.2,0.627,4.7,0.421,0.6,0.42,0.2,2.9,5.0,0.6,0.537,0.4,0.9,0.389,2.2,5.2,0.428,0.0,0.1,0.2,0.5,1.4,0.355,NA
202344,Trevor Booker,Trevor,Booker,BKN,70,24.8,10.0,1.7,0.486,2.0,0.627,0.9,0.343,0.8,0.342,1.5,1.5,1.0,1.0,0.535,0.1,0.4,0.267,0.7,1.9,0.351,0.0,0.1,0.0,0.3,1.0,0.353,NA
202681,Kyrie Irving,Kyrie,Irving,CLE,72,35.1,25.2,7.1,0.514,0.9,0.69,3.8,0.482,8.9,0.419,5.5,0.6,2.7,9.1,0.535,2.4,5.7,0.429,2.9,6.6,0.44,0.8,2.0,0.395,1.7,4.1,0.405,NA
202328,Greg Monroe,Greg,Monroe,MIL,79,22.6,11.7,0.3,0.32,4.8,0.608,0.5,0.477,0.1,0.25,0.3,3.4,0.6,0.2,0.535,0.1,0.2,0.375,0.4,1.0,0.455,0.0,0.0,0.0,0.0,0.0,0.0,NA
203082,Terrence Ross,Terrence,Ross,TOTAL,76,25.1,11.2,1.1,0.473,0.2,0.889,4.9,0.375,3.3,0.44,1.0,0.1,4.6,3.3,0.535,1.2,3.2,0.384,2.0,4.8,0.41,0.5,1.5,0.307,1.4,3.6,0.391,NA
202340,Avery Bradley,Avery,Bradley,BOS,54,33.4,16.4,1.8,0.443,1.8,0.672,5.1,0.394,4.2,0.42,1.8,1.2,4.9,4.3,0.534,1.2,3.5,0.353,2.6,5.8,0.439,0.5,1.4,0.351,1.5,3.7,0.41,NA
203516,James Ennis III,James,Ennis III,MEM,64,23.4,6.7,1.1,0.383,0.7,0.553,2.0,0.37,0.5,0.333,0.7,0.6,1.9,0.7,0.534,0.1,0.3,0.235,0.9,2.3,0.378,0.0,0.1,0.222,0.8,2.0,0.383,NA
202331,Paul George,Paul,George,IND,73,35.7,23.7,3.4,0.503,0.7,0.575,7.3,0.435,6.7,0.42,2.2,0.5,6.1,7.3,0.534,2.5,5.9,0.434,3.4,8.0,0.429,0.6,1.7,0.364,2.0,4.9,0.403,NA
202330,Gordon Hayward,Gordon,Hayward,UTA,72,34.6,22.0,3.8,0.479,2.6,0.678,4.9,0.404,5.4,0.404,2.6,1.6,4.4,5.9,0.534,1.3,3.6,0.347,3.0,6.8,0.438,0.3,0.9,0.313,1.8,4.2,0.418,NA
202699,Tobias Harris,Tobias,Harris,DET,81,31.3,16.2,3.9,0.508,1.2,0.735,4.3,0.37,3.0,0.471,2.9,0.6,4.1,3.1,0.534,1.0,2.2,0.455,2.1,5.3,0.401,0.1,0.3,0.364,1.2,3.6,0.347,NA
203486,Mason Plumlee,Mason,Plumlee,TOTAL,79,26.1,10.3,0.8,0.392,3.7,0.659,0.3,0.289,0.5,0.277,0.6,2.3,0.6,0.8,0.534,0.1,0.3,0.174,0.4,1.2,0.289,0.0,0.0,0.0,0.0,0.1,0.0,NA
202711,Bojan Bogdanovic,Bojan,Bogdanovic,TOTAL,79,25.8,13.9,3.0,0.48,0.9,0.617,4.4,0.395,2.0,0.348,2.3,0.6,3.8,2.4,0.533,0.6,1.6,0.364,1.7,4.6,0.377,0.3,0.9,0.357,1.5,4.0,0.373,NA
1626195,Willy Hernangomez,Willy,Hernangomez,NYK,71,18.4,8.2,0.2,0.467,3.0,0.616,0.9,0.403,0.0,0.111,0.2,2.1,1.1,0.1,0.533,0.1,0.2,0.417,0.4,1.1,0.377,0.0,0.0,0.0,0.1,0.2,0.267,NA
201584,Courtney Lee,Courtney,Lee,NYK,76,32.1,10.9,1.2,0.4,0.3,0.667,4.2,0.41,3.1,0.452,1.2,0.2,3.6,3.3,0.533,1.1,2.4,0.442,1.9,4.6,0.427,0.2,0.6,0.429,1.2,2.9,0.397,NA
2585,Zaza Pachulia,Zaza,Pachulia,GSW,69,18.2,6.1,0.3,0.583,2.7,0.624,0.5,0.372,0.1,0.2,0.2,1.7,0.6,0.1,0.533,0.0,0.1,0.25,0.3,0.8,0.333,0.0,0.0,0.0,0.0,0.0,0.0,NA
1626161,Willie Cauley-Stein,Willie,Cauley-Stein,SAC,73,18.7,7.9,0.6,0.4,3.4,0.61,0.4,0.298,0.3,0.279,0.4,2.6,0.6,0.6,0.532,0.1,0.3,0.2,0.3,1.0,0.311,0.0,0.0,0.0,0.0,0.0,0.0,NA
203083,Andre Drummond,Andre,Drummond,DET,80,29.8,13.7,0.4,0.333,6.6,0.606,0.5,0.409,0.5,0.273,0.4,5.0,0.6,0.8,0.532,0.3,0.9,0.347,0.2,0.5,0.31,0.0,0.0,0.0,0.0,0.1,0.286,NA
203924,Jerami Grant,Jerami,Grant,OKC,76,19.1,5.3,1.4,0.532,0.7,0.585,1.8,0.397,0.1,0.125,0.8,0.5,1.6,0.3,0.532,0.0,0.2,0.2,0.6,1.7,0.364,0.0,0.1,0.286,0.5,1.3,0.382,NA
201586,Serge Ibaka,Serge,Ibaka,TOR,23,30.9,14.2,0.6,0.2,1.7,0.529,7.5,0.424,1.3,0.429,0.7,1.5,6.9,1.5,0.532,0.9,2.4,0.364,3.1,6.6,0.47,0.2,0.7,0.333,1.6,3.8,0.409,NA
203486,Mason Plumlee,Mason,Plumlee,POR,54,28.0,11.1,0.7,0.273,3.9,0.674,0.4,0.297,0.5,0.28,0.6,2.4,0.7,0.9,0.532,0.0,0.3,0.133,0.4,1.5,0.293,0.0,0.0,0.0,0.0,0.1,0.0,NA
1626171,Bobby Portis,Bobby,Portis,CHI,63,15.5,6.7,0.5,0.5,1.2,0.711,2.2,0.376,0.8,0.382,0.4,0.7,2.2,1.1,0.532,0.2,0.6,0.289,1.1,2.8,0.392,0.0,0.1,0.2,0.5,1.4,0.337,NA
201572,Brook Lopez,Brook,Lopez,BKN,75,29.7,20.5,2.5,0.52,3.8,0.718,5.9,0.388,1.6,0.361,1.6,2.2,5.6,2.0,0.531,0.7,1.7,0.416,2.3,6.2,0.372,0.1,0.3,0.211,1.7,4.9,0.354,NA
202687,Bismack Biyombo,Bismack,Biyombo,ORL,80,22.3,6.0,0.0,0.0,3.2,0.564,0.2,0.259,0.0,0.2,0.0,2.2,0.3,0.1,0.53,0.0,0.2,0.25,0.1,0.4,0.214,0.0,0.0,0.0,0.0,0.0,0.0,NA
201980,Danny Green,Danny,Green,SAS,66,26.7,7.4,0.5,0.385,0.2,0.636,4.8,0.401,1.1,0.333,0.6,0.2,4.1,1.3,0.53,0.5,1.3,0.337,1.6,4.2,0.393,0.3,0.8,0.357,1.5,3.8,0.394,NA
203953,Jabari Parker,Jabari,Parker,MIL,51,33.8,20.1,4.8,0.465,2.0,0.623,4.1,0.374,2.2,0.347,3.9,1.4,4.0,2.9,0.53,0.4,1.1,0.31,2.2,6.1,0.366,0.1,0.4,0.263,1.2,3.1,0.377,NA
2772,Trevor Ariza,Trevor,Ariza,HOU,79,34.6,11.7,1.4,0.44,0.4,0.615,6.0,0.357,1.3,0.295,1.2,0.3,5.6,1.6,0.529,0.3,1.3,0.206,2.2,6.1,0.369,0.2,1.1,0.19,2.2,5.8,0.37,NA
201609,Goran Dragic,Goran,Dragic,MIA,71,33.4,20.3,6.2,0.529,0.5,0.542,3.2,0.412,5.2,0.41,4.8,0.3,2.7,5.6,0.529,1.2,3.4,0.354,2.3,5.1,0.445,0.4,1.1,0.377,1.2,2.8,0.428,NA
1627826,Ivica Zubac,Ivica,Zubac,LAL,38,16.0,7.5,0.2,0.6,3.9,0.595,1.2,0.458,0.0,0.0,0.1,2.9,1.3,0.0,0.529,0.1,0.3,0.231,0.5,1.0,0.526,0.0,0.0,0.0,0.0,0.1,0.0,NA
203518,Alex Abrines,Alex,Abrines,OKC,66,15.4,5.9,0.5,0.414,0.1,1.0,3.9,0.396,0.5,0.306,0.4,0.0,3.4,0.7,0.528,0.3,0.8,0.339,1.3,3.3,0.382,0.2,0.6,0.366,1.1,3.0,0.374,NA
2749,Jameer Nelson,Jameer,Nelson,DEN,74,27.1,9.1,2.1,0.514,0.2,0.875,2.8,0.449,3.2,0.366,1.9,0.1,2.1,3.6,0.528,0.4,1.5,0.274,1.9,4.3,0.436,0.2,0.7,0.259,1.2,2.9,0.42,NA
201954,Darren Collison,Darren,Collison,SAC,68,30.4,13.2,3.1,0.47,0.6,0.633,2.6,0.463,4.2,0.435,2.4,0.4,2.0,4.5,0.527,0.8,2.0,0.396,2.2,4.7,0.462,0.2,0.6,0.333,0.9,2.0,0.441,NA
201569,Eric Gordon,Eric,Gordon,HOU,74,31.1,16.3,3.6,0.456,0.3,0.5,7.2,0.366,3.1,0.381,2.9,0.2,6.6,2.9,0.527,0.4,1.5,0.296,3.1,8.2,0.381,0.3,1.1,0.308,3.0,7.7,0.382,NA
101150,Lou Williams,Lou,Williams,LAL,58,24.2,18.6,5.0,0.527,0.5,0.706,2.9,0.399,5.1,0.366,3.6,0.3,2.5,5.5,0.527,1.2,3.7,0.336,1.9,4.6,0.419,0.7,2.1,0.333,1.4,3.4,0.418,NA
202689,Kemba Walker,Kemba,Walker,CHA,79,34.7,23.2,6.7,0.484,0.3,0.6,4.1,0.474,8.3,0.381,5.4,0.2,2.9,8.7,0.527,1.8,4.9,0.378,2.9,6.9,0.423,1.3,3.2,0.392,1.8,4.4,0.403,NA
201568,Danilo Gallinari,Danilo,Gallinari,DEN,62,34.0,18.2,3.1,0.562,2.0,0.593,5.7,0.405,2.3,0.34,1.4,1.0,5.0,3.1,0.526,0.7,2.5,0.286,2.6,6.1,0.423,0.3,1.0,0.286,1.7,4.1,0.409,NA
201143,Al Horford,Al,Horford,BOS,67,32.5,14.0,1.5,0.566,2.6,0.624,5.3,0.393,0.8,0.313,1.1,1.9,5.1,1.2,0.526,0.3,0.7,0.408,2.3,6.1,0.378,0.0,0.0,0.333,1.3,3.5,0.359,NA
201973,Jonas Jerebko,Jonas,Jerebko,BOS,77,16.0,3.9,0.6,0.442,0.6,0.606,1.8,0.375,0.2,0.429,0.6,0.4,1.7,0.3,0.525,0.1,0.2,0.333,0.7,1.8,0.383,0.0,0.0,0.0,0.6,1.6,0.357,NA
202711,Bojan Bogdanovic,Bojan,Bogdanovic,BKN,54,27.1,14.4,3.6,0.497,0.9,0.688,4.4,0.398,2.0,0.303,2.6,0.6,3.7,2.7,0.524,0.4,1.5,0.296,1.9,5.0,0.372,0.3,0.8,0.311,1.6,4.2,0.368,NA
201976,Patrick Beverley,Patrick,Beverley,HOU,66,30.7,9.5,2.6,0.438,0.2,0.6,3.7,0.396,1.4,0.337,2.3,0.2,3.1,1.5,0.523,0.3,0.8,0.321,1.6,4.0,0.386,0.2,0.6,0.39,1.4,3.6,0.385,NA
201959,Taj Gibson,Taj,Gibson,CHI,55,27.3,11.6,0.3,0.563,4.3,0.629,1.9,0.391,0.2,0.273,0.3,2.9,2.4,0.4,0.523,0.3,1.1,0.306,0.7,1.7,0.421,0.0,0.0,0.0,0.0,0.2,0.2,NA
201935,James Harden,James,Harden,HOU,80,36.4,29.1,8.0,0.546,0.2,0.5,2.6,0.38,9.0,0.351,5.3,0.2,2.3,9.6,0.523,2.1,6.4,0.336,2.2,5.8,0.386,1.5,4.6,0.315,1.8,4.7,0.374,NA
203926,Doug McDermott,Doug,McDermott,TOTAL,66,22.8,9.0,0.9,0.481,1.0,0.714,3.8,0.392,1.6,0.432,0.8,0.6,3.4,1.8,0.523,0.8,2.2,0.375,1.3,3.2,0.417,0.2,0.7,0.372,0.9,2.5,0.37,NA
203498,Shabazz Muhammad,Shabazz,Muhammad,MIN,76,19.4,9.8,1.2,0.365,1.8,0.543,1.8,0.329,0.8,0.422,1.0,1.4,1.9,0.8,0.523,0.3,0.7,0.4,0.7,2.1,0.344,0.0,0.1,0.333,0.6,1.7,0.348,NA
203924,Jerami Grant,Jerami,Grant,TOTAL,78,19.1,5.4,1.5,0.537,0.7,0.585,1.8,0.388,0.1,0.12,0.9,0.5,1.7,0.3,0.522,0.0,0.2,0.2,0.6,1.8,0.355,0.0,0.1,0.286,0.5,1.3,0.375,NA
101141,Ersan Ilyasova,Ersan,Ilyasova,PHI,53,27.3,14.8,1.1,0.432,2.4,0.612,6.2,0.4,1.7,0.308,0.8,1.6,5.7,2.3,0.522,0.8,2.5,0.304,2.3,5.6,0.408,0.4,1.4,0.278,1.6,4.2,0.385,NA
202720,Jon Leuer,Jon,Leuer,DET,74,26.0,10.3,0.9,0.522,2.5,0.705,3.5,0.366,1.0,0.374,0.6,1.5,3.9,1.3,0.522,0.7,1.5,0.446,1.3,3.8,0.333,0.0,0.0,0.667,0.6,2.2,0.29,NA
203124,Kyle O'Quinn,Kyle,O'Quinn,NYK,78,15.6,6.3,0.1,0.333,1.8,0.619,1.4,0.406,0.2,0.25,0.2,1.2,1.7,0.4,0.522,0.1,0.4,0.286,0.8,2.0,0.384,0.0,0.0,0.0,0.0,0.2,0.071,NA
2207,Joe Johnson,Joe,Johnson,UTA,77,23.7,9.2,1.7,0.496,0.3,0.667,3.3,0.419,2.7,0.384,1.5,0.2,2.6,3.2,0.521,0.6,1.9,0.342,1.7,4.0,0.425,0.1,0.5,0.262,1.2,2.8,0.443,NA
202335,Patrick Patterson,Patrick,Patterson,TOR,64,24.8,6.9,1.0,0.571,0.3,0.5,4.5,0.375,0.3,0.28,0.7,0.2,4.1,0.4,0.521,0.2,0.5,0.414,1.5,4.1,0.363,0.1,0.3,0.5,1.3,3.7,0.359,NA
203584,Troy Daniels,Troy,Daniels,MEM,66,17.6,8.3,0.4,0.25,0.1,1.0,5.1,0.38,2.2,0.4,0.4,0.0,4.7,2.0,0.52,0.9,2.8,0.324,1.7,4.0,0.418,0.7,2.0,0.338,1.4,3.3,0.421,NA
201150,Spencer Hawes,Spencer,Hawes,TOTAL,53,14.7,6.1,0.2,0.231,2.2,0.651,1.8,0.35,0.5,0.324,0.2,1.6,1.9,0.7,0.52,0.2,0.5,0.31,0.8,2.2,0.345,0.0,0.1,0.333,0.4,1.4,0.284,NA
203200,Justin Holiday,Justin,Holiday,NYK,81,20.0,7.5,0.6,0.459,0.9,0.756,3.7,0.382,1.3,0.402,0.5,0.6,3.5,1.4,0.52,0.5,1.3,0.346,1.5,3.7,0.394,0.2,0.6,0.306,1.0,2.7,0.365,NA
202734,E'Twaun Moore,E'Twaun,Moore,NOP,72,25.1,9.7,2.2,0.5,0.5,0.556,2.9,0.374,2.3,0.398,1.8,0.4,2.6,2.7,0.52,0.6,1.8,0.328,1.5,3.6,0.411,0.1,0.6,0.244,0.9,2.3,0.4,NA
203926,Doug McDermott,Doug,McDermott,CHI,44,24.6,10.2,0.8,0.371,1.2,0.73,4.2,0.406,1.7,0.416,0.8,0.8,3.8,2.0,0.52,1.0,2.5,0.384,1.4,3.4,0.417,0.2,0.7,0.344,1.0,2.7,0.381,NA
202703,Nikola Mirotic,Nikola,Mirotic,CHI,69,24.0,10.7,0.9,0.489,1.3,0.607,4.8,0.328,1.2,0.449,0.7,0.9,5.0,1.1,0.52,0.4,1.1,0.346,1.9,5.3,0.35,0.2,0.7,0.289,1.6,4.6,0.347,NA
1627763,Malcolm Brogdon,Malcolm,Brogdon,MIL,73,26.4,10.3,3.2,0.508,0.8,0.439,2.5,0.417,1.8,0.382,2.5,0.8,2.1,2.1,0.519,0.3,1.0,0.307,1.4,3.2,0.419,0.1,0.3,0.429,0.9,2.3,0.401,NA
201959,Taj Gibson,Taj,Gibson,TOTAL,77,25.5,10.8,0.3,0.476,3.9,0.621,1.8,0.374,0.2,0.25,0.3,2.6,2.4,0.4,0.519,0.3,1.0,0.3,0.7,1.7,0.396,0.0,0.0,0.333,0.0,0.1,0.2,NA
1627775,Patrick McCaw,Patrick,McCaw,GSW,70,15.0,3.8,0.6,0.4,0.5,0.789,1.5,0.336,0.4,0.314,0.5,0.3,1.6,0.5,0.519,0.1,0.4,0.3,0.6,1.7,0.333,0.1,0.2,0.385,0.5,1.5,0.333,NA
203076,Anthony Davis,Anthony,Davis,NOP,75,36.1,28.0,3.6,0.533,4.2,0.668,4.5,0.399,3.9,0.427,2.2,2.7,5.0,4.5,0.518,1.4,3.6,0.379,2.7,6.5,0.421,0.0,0.1,0.0,0.5,1.6,0.317,NA
1627741,Buddy Hield,Buddy,Hield,TOTAL,80,22.8,10.2,1.3,0.415,0.5,0.654,3.6,0.403,3.3,0.389,1.3,0.3,3.0,3.5,0.518,0.4,1.2,0.3,2.3,5.4,0.415,0.0,0.4,0.129,1.7,4.2,0.413,NA
203085,Austin Rivers,Austin,Rivers,LAC,74,27.8,12.0,4.9,0.495,0.3,0.467,2.9,0.399,2.6,0.371,3.9,0.2,2.4,2.8,0.518,0.4,1.1,0.398,1.6,4.2,0.376,0.2,0.6,0.333,1.3,3.5,0.379,NA
201163,Wilson Chandler,Wilson,Chandler,DEN,69,30.9,15.8,3.9,0.489,1.9,0.679,3.9,0.353,2.8,0.376,3.2,1.1,3.9,3.3,0.517,1.0,2.8,0.347,1.7,4.5,0.375,0.4,1.4,0.323,1.1,3.2,0.347,NA
203082,Terrence Ross,Terrence,Ross,ORL,23,31.6,12.9,0.7,0.364,0.5,0.857,6.6,0.418,3.1,0.379,1.0,0.3,5.8,3.8,0.517,1.6,4.0,0.396,2.3,5.7,0.409,0.4,1.5,0.286,1.6,4.3,0.364,NA
202066,Garrett Temple,Garrett,Temple,SAC,64,26.6,7.8,0.8,0.567,0.6,0.6,3.5,0.38,1.3,0.328,0.5,0.5,3.1,1.8,0.517,0.3,0.9,0.322,1.5,4.1,0.372,0.1,0.3,0.286,1.2,3.1,0.376,NA
204028,Tarik Black,Tarik,Black,LAL,65,16.2,5.7,0.1,0.333,2.8,0.575,0.1,0.273,0.1,0.5,0.1,2.1,0.2,0.1,0.516,0.0,0.0,0.5,0.1,0.3,0.294,0.0,0.0,0.0,0.0,0.0,0.5,NA
203081,Damian Lillard,Damian,Lillard,POR,75,35.9,27.0,8.4,0.51,0.5,0.607,4.1,0.464,8.3,0.371,5.8,0.4,3.2,9.0,0.516,1.9,5.1,0.375,3.1,7.7,0.405,0.9,2.5,0.376,1.9,5.2,0.367,NA
203933,TJ Warren,TJ,Warren,PHX,63,31.1,14.6,2.6,0.489,1.3,0.75,2.2,0.4,3.0,0.385,2.1,0.8,2.3,3.9,0.516,0.8,2.5,0.316,1.6,3.9,0.417,0.0,0.2,0.2,0.3,1.2,0.282,NA
202389,Timofey Mozgov,Timofey,Mozgov,LAL,54,20.4,7.4,0.3,0.6,2.7,0.525,1.5,0.488,0.1,0.25,0.2,2.2,1.6,0.1,0.515,0.1,0.3,0.438,0.7,1.5,0.469,0.0,0.0,0.0,0.0,0.0,0.0,NA
201933,Blake Griffin,Blake,Griffin,LAC,60,34.1,21.7,3.2,0.509,2.5,0.582,3.8,0.408,2.3,0.388,1.9,1.6,4.0,2.8,0.514,0.2,0.9,0.268,2.8,6.6,0.42,0.0,0.2,0.143,0.6,1.6,0.375,NA
201150,Spencer Hawes,Spencer,Hawes,CHA,35,17.9,7.3,0.1,0.2,2.8,0.652,2.1,0.367,0.5,0.286,0.3,2.0,2.3,0.8,0.514,0.2,0.6,0.3,0.9,2.6,0.352,0.0,0.1,0.0,0.4,1.5,0.288,NA
1626143,Jahlil Okafor,Jahlil,Okafor,PHI,50,22.7,11.8,1.8,0.507,2.7,0.561,0.4,0.45,0.8,0.292,1.3,2.1,0.4,1.4,0.514,0.4,1.0,0.36,0.4,1.1,0.316,0.0,0.0,0.0,0.0,0.0,0.0,NA
101150,Lou Williams,Lou,Williams,TOTAL,80,24.7,17.7,4.8,0.523,0.3,0.632,2.9,0.386,4.7,0.359,3.5,0.2,2.6,5.1,0.514,1.2,3.6,0.327,1.8,4.5,0.406,0.7,2.1,0.318,1.4,3.4,0.401,NA
203382,Aron Baynes,Aron,Baynes,DET,75,15.5,4.9,0.0,0.0,2.4,0.557,0.8,0.462,0.0,0.0,0.0,1.6,0.9,0.0,0.513,0.1,0.2,0.312,0.3,0.7,0.463,0.0,0.0,0.0,0.0,0.0,0.0,NA
203460,Andre Roberson,Andre,Roberson,OKC,79,30.1,6.6,0.5,0.391,1.7,0.706,1.6,0.24,0.1,0.2,0.6,1.1,2.3,0.1,0.513,0.0,0.1,0.091,0.6,2.3,0.251,0.0,0.1,0.167,0.6,2.3,0.247,NA
101107,Marvin Williams,Marvin,Williams,CHA,74,30.5,11.3,1.6,0.54,1.3,0.661,5.3,0.369,0.5,0.281,1.2,0.8,5.0,0.9,0.513,0.4,1.2,0.318,1.7,4.8,0.358,0.1,0.4,0.214,1.6,4.3,0.362,NA
201158,Marco Belinelli,Marco,Belinelli,CHA,74,24.1,10.5,0.6,0.462,1.0,0.638,3.9,0.401,2.6,0.377,0.5,0.6,3.7,3.0,0.512,0.9,2.7,0.328,1.8,4.2,0.428,0.4,1.4,0.295,0.9,2.4,0.395,NA
203915,Spencer Dinwiddie,Spencer,Dinwiddie,BKN,57,22.5,7.2,2.4,0.522,0.1,0.5,0.9,0.462,2.0,0.373,1.6,0.0,0.7,2.2,0.512,0.3,1.1,0.302,0.9,1.9,0.454,0.1,0.3,0.267,0.6,1.4,0.423,NA
203089,John Henson,John,Henson,MIL,56,19.5,6.8,0.1,0.4,3.8,0.577,0.4,0.256,0.0,0.25,0.1,2.8,0.7,0.1,0.512,0.1,0.1,0.375,0.2,0.6,0.25,0.0,0.0,0.0,0.0,0.0,0.0,NA
203115,Will Barton,Will,Barton,DEN,59,28.3,13.7,4.0,0.462,0.8,0.741,2.8,0.357,2.8,0.354,3.1,0.5,2.7,3.2,0.511,0.7,2.1,0.317,1.5,3.9,0.378,0.3,0.9,0.357,1.1,3.0,0.371,NA
203476,Gorgui Dieng,Gorgui,Dieng,MIN,80,32.4,9.9,0.3,0.6,3.2,0.579,3.0,0.45,0.6,0.39,0.2,2.2,3.1,0.7,0.511,0.2,0.6,0.348,1.6,3.6,0.447,0.0,0.1,0.2,0.2,0.5,0.405,NA
101141,Ersan Ilyasova,Ersan,Ilyasova,TOTAL,80,26.4,13.1,1.0,0.443,2.0,0.571,5.5,0.408,1.4,0.308,0.8,1.4,5.0,2.0,0.511,0.7,2.2,0.333,2.0,5.0,0.402,0.3,1.1,0.297,1.4,3.7,0.371,NA
201567,Kevin Love,Kevin,Love,CLE,59,31.3,18.9,1.2,0.55,2.5,0.5,7.5,0.389,1.0,0.284,0.7,2.0,6.7,1.6,0.511,0.5,1.6,0.289,2.9,7.3,0.4,0.2,0.9,0.231,2.2,5.6,0.399,NA
203114,Khris Middleton,Khris,Middleton,MIL,28,30.5,14.7,2.5,0.448,0.7,0.692,4.2,0.429,3.9,0.4,2.1,0.5,3.5,4.6,0.511,1.5,4.0,0.375,2.0,4.4,0.451,0.4,1.0,0.407,1.1,2.6,0.417,NA
202326,DeMarcus Cousins,DeMarcus,Cousins,NOP,17,33.7,24.4,5.5,0.547,3.0,0.528,5.9,0.368,1.6,0.333,3.8,2.1,5.6,2.1,0.51,0.3,1.3,0.227,2.8,7.2,0.39,0.1,0.6,0.1,2.1,5.1,0.407,NA
1626170,Jerian Grant,Jerian,Grant,CHI,62,16.2,5.9,1.3,0.459,0.1,0.8,1.6,0.372,1.7,0.39,1.0,0.1,1.5,1.9,0.51,0.5,1.3,0.359,0.9,2.2,0.406,0.2,0.4,0.37,0.6,1.7,0.369,NA
201950,Jrue Holiday,Jrue,Holiday,NOP,65,33.0,15.5,5.6,0.53,0.6,0.679,1.2,0.329,5.8,0.383,4.4,0.4,1.3,6.1,0.51,0.6,1.7,0.38,2.2,5.9,0.371,0.2,0.4,0.37,1.4,3.8,0.359,NA
203530,Joffrey Lauvergne,Joffrey,Lauvergne,OKC,50,14.8,5.7,0.4,0.474,1.3,0.518,2.0,0.37,0.1,0.286,0.4,1.1,2.0,0.1,0.51,0.0,0.1,0.333,0.8,2.1,0.369,0.0,0.1,0.25,0.5,1.5,0.351,NA
203506,Victor Oladipo,Victor,Oladipo,OKC,65,33.3,16.0,2.4,0.391,1.1,0.744,5.4,0.378,3.6,0.41,2.4,0.7,5.0,4.1,0.51,1.2,2.8,0.413,2.4,6.4,0.378,0.3,0.9,0.35,1.6,4.4,0.365,NA
1626210,Alan Williams,Alan,Williams,PHX,46,14.7,7.2,0.2,0.5,3.0,0.536,0.4,0.364,0.0,0.2,0.2,2.4,0.5,0.1,0.51,0.1,0.3,0.357,0.1,0.2,0.273,0.0,0.0,0.0,0.0,0.0,0.0,NA
201167,Arron Afflalo,Arron,Afflalo,SAC,60,25.7,8.3,0.8,0.378,0.8,0.655,3.4,0.432,1.8,0.381,0.8,0.5,2.9,2.2,0.509,0.8,2.2,0.373,1.3,3.0,0.435,0.3,0.8,0.367,0.7,1.7,0.431,NA
1713,Vince Carter,Vince,Carter,MEM,72,24.7,8.1,1.2,0.468,0.5,0.577,4.2,0.41,1.1,0.286,0.9,0.4,3.5,1.5,0.509,0.3,1.3,0.269,1.5,3.7,0.41,0.2,1.0,0.257,1.3,3.1,0.419,NA
1627812,Yogi Ferrell,Yogi,Ferrell,DAL,34,28.9,11.5,2.7,0.446,0.1,0.667,2.6,0.441,4.5,0.383,2.2,0.1,2.0,4.8,0.509,0.7,1.6,0.411,2.1,5.2,0.399,0.3,0.7,0.391,1.4,3.5,0.415,NA
203463,Ben McLemore,Ben,McLemore,SAC,59,19.0,7.9,0.9,0.408,0.6,0.484,3.1,0.396,1.5,0.38,0.8,0.5,2.9,1.7,0.509,0.4,1.3,0.329,1.4,3.3,0.415,0.2,0.5,0.367,0.9,2.3,0.393,NA
1627759,Jaylen Brown,Jaylen,Brown,BOS,77,17.2,6.6,1.2,0.41,1.3,0.612,1.7,0.372,0.5,0.26,1.0,0.9,1.6,0.9,0.508,0.2,0.5,0.405,0.7,2.1,0.315,0.1,0.1,0.545,0.5,1.6,0.328,NA
203954,Joel Embiid,Joel,Embiid,PHI,31,25.3,20.2,2.1,0.431,5.6,0.674,3.8,0.407,1.4,0.306,1.6,3.0,3.5,2.0,0.508,0.5,1.7,0.264,2.1,4.9,0.428,0.1,0.3,0.3,1.0,2.8,0.372,NA
203095,Evan Fournier,Evan,Fournier,ORL,67,32.8,17.2,4.9,0.49,0.9,0.686,4.5,0.378,3.1,0.369,3.7,0.5,4.1,3.6,0.508,0.7,2.2,0.329,2.2,5.7,0.389,0.3,1.0,0.324,1.6,4.3,0.362,NA
202391,Jeremy Lin,Jeremy,Lin,BKN,35,24.5,14.6,4.1,0.444,0.3,0.8,2.9,0.412,4.4,0.403,3.3,0.1,2.4,4.5,0.508,0.7,1.9,0.373,2.1,5.1,0.413,0.2,0.9,0.267,1.4,3.5,0.393,NA
201975,Jodie Meeks,Jodie,Meeks,ORL,35,20.6,9.0,1.3,0.5,0.3,0.571,4.0,0.425,1.5,0.291,0.8,0.2,3.2,2.3,0.508,0.8,2.5,0.318,1.3,3.1,0.411,0.4,1.3,0.289,1.1,2.5,0.46,NA
203994,Jusuf Nurkic,Jusuf,Nurkic,POR,20,29.2,15.2,1.1,0.533,2.8,0.5,1.1,0.44,0.0,0.0,0.8,2.0,1.2,0.4,0.508,0.0,0.3,0.0,0.6,1.6,0.387,0.0,0.0,0.0,0.0,0.0,0.0,NA
202697,Iman Shumpert,Iman,Shumpert,CLE,74,25.3,7.4,1.4,0.5,0.0,0.143,3.1,0.35,2.1,0.449,0.9,0.1,3.0,2.1,0.508,0.3,0.9,0.358,1.7,4.3,0.396,0.1,0.3,0.333,1.2,3.1,0.371,NA
203994,Jusuf Nurkic,Jusuf,Nurkic,TOTAL,64,21.6,10.3,0.4,0.556,3.3,0.534,0.5,0.354,0.1,0.273,0.3,2.5,0.8,0.2,0.507,0.0,0.2,0.231,0.3,0.8,0.346,0.0,0.0,0.0,0.0,0.0,0.0,NA
204001,Kristaps Porzingis,Kristaps,Porzingis,NYK,66,32.8,18.1,1.3,0.417,3.4,0.671,6.6,0.395,2.8,0.41,1.1,2.1,6.3,3.3,0.507,1.5,3.8,0.394,2.4,6.2,0.388,0.2,0.4,0.345,1.5,4.3,0.358,NA
203141,Mirza Teletovic,Mirza,Teletovic,MIL,68,16.0,6.5,0.6,0.438,0.2,0.583,4.2,0.35,0.9,0.41,0.5,0.2,4.0,0.9,0.507,0.4,1.4,0.302,1.4,3.6,0.38,0.3,1.0,0.269,1.2,3.4,0.373,NA
203087,Jeremy Lamb,Jeremy,Lamb,CHA,60,18.2,9.5,2.9,0.57,0.5,0.632,1.8,0.366,2.0,0.343,1.9,0.3,1.9,2.8,0.505,0.7,2.0,0.367,1.0,2.9,0.349,0.2,0.4,0.333,0.5,1.8,0.282,NA
203994,Jusuf Nurkic,Jusuf,Nurkic,DEN,44,18.1,8.1,0.1,0.667,3.5,0.545,0.3,0.261,0.1,0.75,0.1,2.8,0.5,0.1,0.505,0.1,0.2,0.429,0.1,0.5,0.286,0.0,0.0,0.0,0.0,0.0,0.0,NA
1627737,Marquese Chriss,Marquese,Chriss,PHX,79,21.1,9.0,0.6,0.353,1.9,0.725,3.1,0.349,0.1,0.16,0.6,1.2,3.2,0.3,0.504,0.1,0.4,0.355,1.1,3.3,0.324,0.0,0.1,0.3,0.8,2.5,0.317,NA
201188,Marc Gasol,Marc,Gasol,MEM,73,34.4,19.6,1.5,0.529,3.8,0.54,6.8,0.413,2.0,0.404,1.0,2.7,6.7,2.4,0.504,0.7,1.9,0.35,3.5,8.3,0.426,0.0,0.1,0.125,1.4,3.5,0.395,NA
202682,Derrick Williams,Derrick,Williams,TOTAL,48,16.0,6.1,0.9,0.429,0.9,0.556,1.8,0.323,0.7,0.469,0.6,0.6,2.1,0.7,0.504,0.1,0.3,0.438,0.9,2.4,0.35,0.1,0.2,0.333,0.5,1.6,0.278,NA
202357,Nemanja Bjelica,Nemanja,Bjelica,MIN,65,18.3,6.2,1.4,0.488,0.7,0.76,2.5,0.344,0.2,0.24,1.2,0.4,2.5,0.4,0.503,0.0,0.3,0.167,0.9,2.8,0.335,0.0,0.1,0.111,0.8,2.6,0.327,NA
200826,J.J. Barea,J.J.,Barea,DAL,33,22.0,11.1,3.4,0.454,0.2,0.667,1.9,0.489,4.8,0.374,2.9,0.1,1.4,5.2,0.502,0.7,1.9,0.359,1.9,4.7,0.41,0.2,0.8,0.296,1.3,3.3,0.389,NA
200752,Rudy Gay,Rudy,Gay,SAC,30,33.7,18.7,4.0,0.465,1.9,0.657,3.7,0.374,2.9,0.317,2.9,1.2,3.6,4.2,0.502,1.0,3.4,0.287,1.9,4.6,0.403,0.2,0.7,0.25,1.2,3.1,0.398,NA
203917,Nik Stauskas,Nik,Stauskas,PHI,79,27.3,9.4,2.2,0.423,0.5,0.64,3.5,0.409,2.1,0.314,1.7,0.3,2.8,2.6,0.502,0.3,1.2,0.286,1.7,4.3,0.386,0.2,0.7,0.241,1.4,3.7,0.388,NA
1627812,Yogi Ferrell,Yogi,Ferrell,TOTAL,44,25.8,10.1,2.6,0.463,0.1,0.5,2.3,0.42,3.9,0.369,1.9,0.1,1.8,4.2,0.501,0.5,1.4,0.381,1.9,4.8,0.39,0.2,0.6,0.346,1.3,3.2,0.401,NA
203458,Alex Len,Alex,Len,PHX,74,20.4,8.1,0.2,0.5,3.5,0.568,0.9,0.337,0.1,0.2,0.1,2.4,1.3,0.2,0.501,0.1,0.3,0.238,0.4,1.3,0.333,0.0,0.0,0.0,0.0,0.1,0.3,NA
2744,Al Jefferson,Al,Jefferson,IND,65,14.1,8.2,0.0,0.25,2.8,0.654,0.8,0.329,0.4,0.333,0.1,2.0,1.3,0.6,0.5,0.3,1.0,0.303,0.4,1.2,0.347,0.0,0.0,0.0,0.0,0.0,0.0,NA
1627851,Mindaugas Kuzminskas,Mindaugas,Kuzminskas,NYK,67,14.9,6.2,0.9,0.338,1.3,0.722,2.0,0.317,0.4,0.303,1.0,0.8,2.1,0.5,0.499,0.1,0.4,0.269,0.7,2.3,0.318,0.1,0.3,0.286,0.7,2.2,0.324,NA
202326,DeMarcus Cousins,DeMarcus,Cousins,TOTAL,72,34.2,27.0,6.1,0.5,3.7,0.583,5.5,0.381,2.0,0.332,4.3,2.3,5.2,2.8,0.498,0.4,1.7,0.258,2.8,7.2,0.386,0.1,0.6,0.196,1.7,4.4,0.385,NA
203084,Harrison Barnes,Harrison,Barnes,DAL,78,35.5,19.2,3.3,0.483,2.1,0.663,4.0,0.397,4.9,0.416,2.6,1.3,3.9,5.8,0.497,1.4,3.5,0.394,2.8,6.7,0.413,0.0,0.1,0.091,1.0,2.7,0.367,NA
203903,Jordan Clarkson,Jordan,Clarkson,LAL,80,29.3,14.7,4.5,0.515,0.6,0.697,2.6,0.35,4.1,0.362,3.8,0.4,2.5,4.8,0.497,1.1,3.2,0.34,1.6,4.4,0.37,0.3,1.2,0.271,1.1,3.1,0.349,NA
203918,Rodney Hood,Rodney,Hood,UTA,58,27.0,12.7,2.3,0.406,0.4,0.625,4.4,0.42,3.8,0.379,2.2,0.3,3.7,4.4,0.497,1.5,3.9,0.379,1.8,4.4,0.406,0.6,1.8,0.353,1.3,3.4,0.39,NA
202693,Markieff Morris,Markieff,Morris,WAS,76,31.0,14.0,1.2,0.451,3.0,0.641,3.5,0.371,1.6,0.385,0.9,1.9,3.5,2.1,0.497,0.6,1.7,0.344,1.6,4.2,0.386,0.0,0.1,0.182,0.9,2.4,0.373,NA
200757,Thabo Sefolosha,Thabo,Sefolosha,ATL,60,25.9,7.3,1.4,0.492,1.1,0.62,2.3,0.357,0.7,0.306,1.0,0.8,2.4,1.0,0.497,0.2,0.7,0.317,1.0,2.8,0.357,0.1,0.2,0.308,0.6,1.7,0.359,NA
201960,DeMarre Carroll,DeMarre,Carroll,TOR,70,26.3,8.8,0.9,0.31,0.8,0.727,4.3,0.346,0.9,0.347,0.8,0.5,4.3,1.1,0.496,0.4,1.4,0.323,1.4,4.0,0.351,0.3,0.9,0.328,1.2,3.5,0.344,NA
203932,Aaron Gordon,Aaron,Gordon,ORL,79,28.7,12.5,1.8,0.426,2.3,0.788,2.6,0.323,2.1,0.31,1.4,1.3,2.9,3.0,0.496,0.5,1.5,0.344,1.4,4.6,0.317,0.1,0.4,0.273,0.8,2.9,0.286,NA
203944,Julius Randle,Julius,Randle,LAL,72,29.1,13.2,2.9,0.451,2.0,0.589,1.2,0.361,0.9,0.359,2.6,1.3,1.3,1.3,0.496,0.2,0.5,0.389,0.8,2.2,0.358,0.0,0.1,0.0,0.2,0.8,0.288,NA
101123,Gerald Green,Gerald,Green,BOS,46,11.2,5.3,0.6,0.435,0.3,0.6,1.9,0.37,1.6,0.393,0.5,0.2,1.8,1.8,0.495,0.5,1.4,0.369,0.9,2.3,0.394,0.2,0.5,0.28,0.7,1.7,0.385,NA
202326,DeMarcus Cousins,DeMarcus,Cousins,SAC,55,34.4,27.8,6.3,0.488,3.9,0.598,5.4,0.385,2.2,0.331,4.4,2.4,5.1,3.0,0.494,0.5,1.9,0.265,2.8,7.2,0.384,0.1,0.7,0.222,1.6,4.2,0.377,NA
1717,Dirk Nowitzki,Dirk,Nowitzki,DAL,52,26.3,14.0,0.1,0.4,0.8,0.633,7.9,0.443,2.4,0.401,0.1,0.6,7.4,2.9,0.494,1.9,4.6,0.418,2.8,6.6,0.434,0.3,0.7,0.514,1.1,3.2,0.345,NA
101114,Deron Williams,Deron,Williams,TOTAL,61,25.5,10.4,2.3,0.459,0.2,0.667,2.9,0.381,3.7,0.421,2.0,0.1,2.6,3.9,0.494,1.0,2.6,0.41,1.6,4.0,0.398,0.4,1.1,0.371,0.8,2.4,0.322,NA
204038,Langston Galloway,Langston,Galloway,TOTAL,72,19.8,7.9,0.4,0.316,0.0,0.0,4.8,0.424,1.5,0.316,0.5,0.1,3.9,2.2,0.493,0.4,1.4,0.277,2.0,4.9,0.412,0.2,0.8,0.286,1.4,3.3,0.412,NA
201577,Robin Lopez,Robin,Lopez,CHI,80,28.1,10.4,0.3,0.55,3.0,0.544,2.7,0.454,0.4,0.457,0.2,2.6,3.0,0.4,0.493,0.2,0.5,0.378,1.4,3.2,0.451,0.0,0.0,0.0,0.0,0.0,0.0,NA
202083,Wesley Matthews,Wesley,Matthews,DAL,72,34.1,13.4,1.9,0.394,0.5,0.7,5.6,0.375,3.5,0.362,1.5,0.3,5.0,4.1,0.493,0.7,2.2,0.304,2.8,7.2,0.388,0.3,1.0,0.296,2.1,5.6,0.372,NA
203585,Rodney McGruder,Rodney,McGruder,MIA,76,25.2,6.4,0.8,0.385,0.7,0.571,2.8,0.346,0.4,0.255,0.9,0.6,2.8,0.7,0.493,0.2,0.8,0.254,0.9,2.6,0.348,0.2,0.5,0.317,0.8,2.2,0.339,NA
2747,JR Smith,JR,Smith,CLE,39,28.8,8.8,0.2,0.2,0.2,0.75,6.0,0.364,1.6,0.287,0.4,0.1,5.5,2.2,0.493,0.8,2.4,0.347,1.8,5.4,0.343,0.7,1.8,0.377,1.7,4.9,0.353,NA
200782,PJ Tucker,PJ,Tucker,TOTAL,78,27.9,6.8,0.7,0.324,0.8,0.463,2.9,0.397,0.5,0.375,0.9,0.7,2.6,0.6,0.493,0.2,0.6,0.318,1.1,2.6,0.41,0.1,0.3,0.269,0.8,2.1,0.383,NA
202710,Jimmy Butler,Jimmy,Butler,CHI,75,37.0,23.9,6.7,0.51,1.7,0.629,2.4,0.411,6.0,0.368,3.5,1.2,2.2,7.4,0.492,1.8,5.1,0.353,2.0,4.9,0.4,0.4,1.1,0.333,0.8,2.1,0.381,NA
203504,Trey Burke,Trey,Burke,WAS,56,12.0,4.6,0.8,0.426,0.0,0.0,1.3,0.456,2.0,0.427,0.8,0.0,1.0,2.2,0.492,0.4,1.2,0.338,1.0,2.0,0.496,0.1,0.3,0.235,0.4,0.8,0.478,NA
203496,Robert Covington,Robert,Covington,PHI,67,31.6,12.9,2.5,0.434,1.1,0.587,5.7,0.329,0.8,0.382,1.9,0.7,5.8,0.8,0.492,0.5,1.8,0.264,1.7,4.8,0.358,0.4,1.6,0.283,1.6,4.5,0.352,NA
202709,Cory Joseph,Cory,Joseph,TOR,78,25.3,9.3,3.5,0.495,0.1,0.385,1.8,0.413,2.5,0.387,2.8,0.2,1.6,3.1,0.492,0.5,1.6,0.339,1.3,3.1,0.428,0.1,0.2,0.312,0.5,1.5,0.356,NA
NA,Terrence Jones,Terrence,Jones,NOP,51,24.8,11.5,2.5,0.531,2.7,0.615,1.6,0.333,0.4,0.243,1.9,1.8,1.9,0.7,0.492,0.1,0.5,0.174,0.7,2.4,0.311,0.0,0.1,0.167,0.4,1.4,0.261,NA
203901,Elfrid Payton,Elfrid,Payton,ORL,81,29.3,12.7,5.6,0.512,0.4,0.538,1.2,0.254,1.9,0.381,4.7,0.3,1.6,2.3,0.492,0.4,1.2,0.326,0.9,2.8,0.332,0.0,0.2,0.25,0.4,1.6,0.273,NA
1626181,Norman Powell,Norman,Powell,TOR,74,17.6,8.0,3.3,0.503,0.3,0.692,1.9,0.322,0.9,0.357,2.3,0.2,1.9,1.1,0.492,0.2,0.7,0.296,0.8,2.4,0.335,0.1,0.4,0.233,0.6,1.8,0.331,NA
203471,Dennis Schroder,Dennis,Schroder,ATL,78,31.5,18.0,8.2,0.505,0.2,0.636,2.8,0.432,4.3,0.368,6.8,0.1,2.4,5.2,0.492,0.9,2.5,0.374,2.1,5.3,0.401,0.2,0.4,0.343,1.1,3.3,0.34,NA
101114,Deron Williams,Deron,Williams,DAL,39,29.2,12.8,2.6,0.442,0.3,0.714,3.5,0.369,4.6,0.431,2.4,0.2,3.3,4.8,0.492,1.5,3.4,0.432,1.8,4.8,0.383,0.7,1.7,0.394,0.8,2.8,0.3,NA
2734,Devin Harris,Devin,Harris,DAL,62,16.6,6.6,1.5,0.377,0.4,0.813,2.1,0.376,1.0,0.309,1.1,0.3,1.9,1.3,0.491,0.3,0.8,0.373,0.8,2.4,0.349,0.2,0.6,0.333,0.7,2.1,0.344,NA
202714,Shelvin Mack,Shelvin,Mack,UTA,54,21.8,7.7,3.1,0.515,0.3,0.636,1.2,0.328,2.2,0.364,2.5,0.2,1.2,2.6,0.491,0.5,1.3,0.391,0.9,2.7,0.333,0.0,0.3,0.143,0.6,1.9,0.32,NA
202324,Derrick Favors,Derrick,Favors,UTA,49,23.8,9.6,0.1,0.4,4.2,0.622,2.6,0.426,0.2,0.211,0.1,2.9,3.0,0.4,0.49,0.3,0.8,0.35,1.1,2.8,0.399,0.0,0.0,0.0,0.1,0.2,0.3,NA
1938,Manu Ginobili,Manu,Ginobili,SAS,67,18.7,7.4,1.6,0.443,0.3,0.429,2.9,0.374,1.5,0.345,1.4,0.3,2.6,1.7,0.49,0.3,1.0,0.277,1.3,3.5,0.385,0.1,0.4,0.32,1.2,2.9,0.4,NA
201149,Joakim Noah,Joakim,Noah,NYK,46,22.1,5.0,0.3,0.421,1.3,0.634,0.0,0.0,0.0,0.333,0.4,0.9,0.1,0.1,0.49,0.0,0.0,0.0,0.0,0.1,0.2,0.0,0.0,0.0,0.0,0.0,0.0,NA
203943,Noah Vonleh,Noah,Vonleh,POR,73,16.8,4.3,0.3,0.5,1.2,0.574,0.7,0.444,0.1,0.25,0.3,0.8,0.7,0.2,0.49,0.0,0.1,0.0,0.4,0.8,0.452,0.0,0.0,0.0,0.1,0.2,0.389,NA
204038,Langston Galloway,Langston,Galloway,NOP,55,20.4,8.6,0.5,0.364,0.0,0.0,5.2,0.405,1.5,0.298,0.6,0.1,4.5,2.2,0.489,0.4,1.6,0.239,2.2,5.3,0.408,0.2,0.9,0.25,1.5,3.8,0.409,NA
NA,Terrence Jones,Terrence,Jones,TOTAL,54,23.6,10.8,2.4,0.526,2.6,0.615,1.5,0.333,0.4,0.237,1.8,1.7,1.8,0.7,0.489,0.1,0.4,0.174,0.7,2.3,0.309,0.0,0.1,0.167,0.3,1.3,0.261,NA
203930,Sean Kilpatrick,Sean,Kilpatrick,BKN,69,25.1,13.2,3.8,0.468,0.5,0.652,3.3,0.347,2.5,0.35,2.7,0.3,3.2,2.9,0.489,0.5,1.5,0.32,1.7,4.8,0.363,0.2,0.6,0.289,1.4,3.9,0.353,NA
203086,Meyers Leonard,Meyers,Leonard,POR,73,16.3,5.4,0.1,0.4,0.8,0.553,3.3,0.362,0.5,0.372,0.1,0.6,3.3,0.6,0.489,0.2,0.5,0.4,1.3,3.6,0.354,0.0,0.1,0.3,1.0,2.7,0.352,NA
2546,Carmelo Anthony,Carmelo,Anthony,NYK,73,34.5,22.5,1.3,0.492,1.1,0.579,6.3,0.45,7.9,0.414,0.9,0.8,5.4,9.0,0.488,3.5,8.4,0.418,3.0,7.0,0.426,0.6,1.9,0.331,1.4,3.8,0.374,NA
203957,Dante Exum,Dante,Exum,UTA,65,18.6,6.3,2.7,0.515,0.5,0.765,2.0,0.341,0.2,0.219,2.1,0.3,2.0,0.5,0.488,0.1,0.2,0.308,0.8,2.4,0.31,0.0,0.1,0.167,0.7,2.2,0.303,NA
203530,Joffrey Lauvergne,Joffrey,Lauvergne,TOTAL,69,14.1,5.4,0.5,0.448,1.4,0.544,1.8,0.338,0.1,0.167,0.4,1.1,1.9,0.2,0.488,0.0,0.2,0.182,0.7,1.9,0.341,0.0,0.1,0.25,0.5,1.4,0.34,NA
201952,Jeff Teague,Jeff,Teague,IND,80,32.4,15.3,5.8,0.441,0.2,0.556,1.7,0.374,3.4,0.398,4.8,0.1,1.5,3.6,0.488,0.5,1.4,0.377,1.5,3.8,0.401,0.2,0.4,0.371,1.0,2.7,0.357,NA
203079,Dion Waiters,Dion,Waiters,MIA,46,30.1,15.8,5.3,0.428,0.1,0.333,4.4,0.441,3.8,0.365,5.0,0.1,3.5,4.5,0.488,0.9,2.7,0.339,2.3,5.5,0.427,0.5,1.3,0.377,1.3,3.2,0.403,NA
2571,Leandro Barbosa,Leandro,Barbosa,PHX,65,14.3,6.4,2.0,0.462,0.2,0.667,1.3,0.362,1.6,0.374,1.8,0.1,1.2,2.0,0.487,0.4,1.0,0.365,0.9,2.4,0.377,0.0,0.1,0.375,0.5,1.3,0.356,NA
202339,Eric Bledsoe,Eric,Bledsoe,PHX,64,33.0,21.3,7.0,0.535,0.2,0.5,2.3,0.368,5.5,0.341,4.6,0.2,2.1,7.0,0.487,1.0,3.0,0.339,2.3,6.6,0.35,0.2,0.8,0.245,1.4,4.0,0.354,NA
1627741,Buddy Hield,Buddy,Hield,NOP,57,20.4,8.6,1.2,0.403,0.5,0.75,3.5,0.415,2.0,0.308,1.3,0.3,2.9,2.7,0.487,0.3,1.0,0.259,1.8,4.8,0.383,0.1,0.4,0.143,1.5,3.8,0.394,NA
200782,PJ Tucker,PJ,Tucker,PHX,55,28.6,7.1,0.8,0.364,0.8,0.436,2.6,0.368,0.7,0.45,0.8,0.7,2.5,0.7,0.487,0.2,0.5,0.367,1.1,2.7,0.395,0.1,0.3,0.312,0.7,2.1,0.354,NA
203952,Andrew Wiggins,Andrew,Wiggins,MIN,80,37.3,23.7,5.6,0.469,2.4,0.654,3.0,0.417,6.3,0.363,3.8,1.6,2.6,8.2,0.487,1.9,5.4,0.36,2.2,5.8,0.388,0.2,0.6,0.326,1.1,2.9,0.363,NA
200746,LaMarcus Aldridge,LaMarcus,Aldridge,SAS,70,32.4,17.3,0.4,0.333,3.2,0.597,5.0,0.432,2.1,0.351,0.3,2.1,5.5,3.0,0.486,0.8,2.3,0.367,2.7,6.5,0.414,0.0,0.1,0.429,0.3,0.7,0.404,NA
101145,Monta Ellis,Monta,Ellis,IND,72,27.1,8.6,2.9,0.526,0.2,0.571,1.8,0.346,1.9,0.365,2.1,0.2,1.9,2.5,0.486,0.5,1.6,0.313,1.1,2.8,0.379,0.1,0.4,0.231,0.5,1.5,0.352,NA
204020,Tyler Johnson,Tyler,Johnson,MIA,71,29.9,13.7,3.4,0.451,0.5,0.5,4.3,0.379,1.8,0.333,2.7,0.4,4.1,2.6,0.486,0.6,1.7,0.353,1.9,5.1,0.364,0.2,0.4,0.467,1.0,2.9,0.349,NA
1626162,Kelly Oubre Jr.,Kelly,Oubre Jr.,WAS,78,20.1,6.3,0.8,0.373,0.5,0.548,2.1,0.313,0.6,0.379,0.8,0.4,2.3,0.7,0.486,0.2,0.8,0.286,0.8,2.3,0.344,0.1,0.3,0.222,0.6,2.0,0.304,NA
2440,Matt Barnes,Matt,Barnes,TOTAL,74,24.0,7.1,0.5,0.349,1.0,0.674,3.3,0.343,0.5,0.269,0.6,0.6,3.4,0.7,0.483,0.1,0.4,0.194,1.3,3.7,0.35,0.1,0.4,0.192,1.1,3.2,0.346,NA
201951,Ty Lawson,Ty,Lawson,SAC,68,25.0,9.7,3.3,0.538,0.2,0.583,1.1,0.326,2.7,0.396,2.1,0.2,1.3,3.2,0.483,0.4,1.0,0.364,1.4,3.6,0.381,0.0,0.1,0.429,0.4,1.6,0.273,NA
1626156,D'Angelo Russell,D'Angelo,Russell,LAL,63,28.8,15.6,2.9,0.46,0.5,0.652,3.7,0.392,5.7,0.357,2.4,0.4,3.2,6.6,0.483,1.4,3.9,0.368,2.3,6.2,0.367,0.5,1.5,0.359,1.6,4.6,0.349,NA
203484,Kentavious Caldwell-Pope,Kentavious,Caldwell-Pope,DET,75,33.4,13.7,1.3,0.442,0.3,0.55,4.7,0.396,4.3,0.353,1.3,0.3,4.2,5.3,0.482,1.2,3.8,0.321,2.3,5.8,0.4,0.4,1.5,0.274,1.6,4.2,0.378,NA
2225,Tony Parker,Tony,Parker,SAS,61,25.1,10.0,3.9,0.466,0.1,0.333,1.5,0.429,2.8,0.44,3.6,0.1,1.4,3.2,0.482,0.7,1.5,0.478,1.3,3.0,0.416,0.1,0.2,0.4,0.3,0.9,0.309,NA
202322,John Wall,John,Wall,WAS,78,36.1,23.1,7.9,0.519,0.1,0.429,1.8,0.351,6.7,0.374,5.4,0.1,1.7,8.3,0.482,0.9,2.7,0.321,2.9,7.4,0.389,0.1,0.5,0.205,1.0,2.9,0.343,NA
203110,Draymond Green,Draymond,Green,GSW,76,32.6,10.2,1.0,0.258,1.8,0.679,3.3,0.323,0.1,0.147,1.2,1.1,3.5,0.4,0.481,0.1,0.4,0.242,1.1,3.6,0.309,0.0,0.2,0.083,1.1,3.3,0.319,NA
203524,Solomon Hill,Solomon,Hill,NOP,78,29.7,6.9,1.4,0.363,0.6,0.8,3.3,0.375,0.3,0.183,1.2,0.3,3.0,0.8,0.481,0.1,0.4,0.303,1.2,3.5,0.336,0.1,0.2,0.316,1.1,3.1,0.353,NA
200794,Paul Millsap,Paul,Millsap,ATL,68,34.1,18.2,2.6,0.356,2.5,0.652,3.9,0.339,2.6,0.444,2.2,1.6,4.3,2.8,0.481,0.8,2.1,0.369,2.1,5.4,0.387,0.1,0.3,0.278,1.0,3.3,0.315,NA
201942,DeMar DeRozan,DeMar,DeRozan,TOR,73,35.5,27.5,9.0,0.548,0.1,0.25,1.9,0.346,9.4,0.429,5.7,0.2,2.2,10.8,0.48,3.7,8.7,0.421,1.9,4.6,0.411,0.1,0.5,0.167,0.4,1.2,0.314,NA
1626163,Frank Kaminsky,Frank,Kaminsky,CHA,73,26.2,11.8,2.0,0.5,2.0,0.592,5.1,0.352,0.5,0.202,1.5,1.4,4.9,1.4,0.48,0.2,0.9,0.206,1.9,5.6,0.338,0.0,0.2,0.214,1.5,4.5,0.341,NA
1627750,Jamal Murray,Jamal,Murray,DEN,79,21.2,9.7,1.9,0.481,0.4,0.739,2.8,0.365,2.5,0.324,1.7,0.3,2.6,3.3,0.48,0.6,1.8,0.345,1.5,4.3,0.34,0.3,0.8,0.361,1.1,3.4,0.323,NA
1626147,Justin Anderson,Justin,Anderson,TOTAL,73,16.3,6.9,1.8,0.516,0.4,0.545,1.9,0.293,0.5,0.246,1.3,0.3,2.2,0.9,0.479,0.1,0.4,0.219,0.8,2.9,0.281,0.0,0.2,0.2,0.7,2.4,0.299,NA
201945,Gerald Henderson,Gerald,Henderson,PHI,71,23.1,9.3,1.8,0.457,0.5,0.517,2.7,0.376,1.9,0.369,1.3,0.4,2.5,2.5,0.479,0.9,2.2,0.392,1.0,3.0,0.349,0.2,0.5,0.368,0.6,1.9,0.333,NA
1627756,Denzel Valentine,Denzel,Valentine,CHI,56,17.3,5.1,0.3,0.333,0.1,0.8,3.0,0.386,1.2,0.274,0.4,0.1,2.6,1.7,0.479,0.2,0.7,0.297,1.3,3.7,0.348,0.1,0.3,0.316,1.2,3.3,0.359,NA
2037,Jamal Crawford,Jamal,Crawford,LAC,81,26.4,12.3,2.2,0.441,0.0,1.0,2.2,0.358,5.9,0.411,1.8,0.0,2.2,6.3,0.478,1.9,4.7,0.399,1.5,3.9,0.396,0.7,1.7,0.399,0.7,2.2,0.33,NA
101141,Ersan Ilyasova,Ersan,Ilyasova,ATL,24,25.0,10.2,1.0,0.471,1.3,0.444,4.3,0.459,1.1,0.306,0.7,1.1,3.5,1.5,0.478,0.7,1.6,0.436,1.5,3.8,0.402,0.3,0.8,0.368,1.0,2.8,0.348,NA
203077,Michael Kidd-Gilchrist,Michael,Kidd-Gilchrist,CHA,79,29.1,9.1,1.6,0.419,1.8,0.582,0.6,0.368,1.7,0.389,1.3,1.2,0.9,2.2,0.478,0.4,1.1,0.398,0.7,2.0,0.373,0.0,0.0,0.0,0.0,0.1,0.167,NA
200771,Sergio Rodriguez,Sergio,Rodriguez,PHI,68,22.3,7.8,1.8,0.479,0.1,0.5,1.7,0.386,3.8,0.341,1.7,0.1,1.5,4.4,0.478,0.3,0.9,0.305,1.8,5.0,0.359,0.1,0.3,0.333,1.2,3.4,0.365,NA
202696,Nikola Vucevic,Nikola,Vucevic,ORL,74,28.7,14.6,1.1,0.5,3.5,0.58,4.3,0.402,1.0,0.352,1.0,2.7,5.0,1.5,0.478,0.5,1.5,0.33,2.4,5.8,0.408,0.0,0.0,0.0,0.3,1.0,0.292,NA
2564,Boris Diaw,Boris,Diaw,UTA,72,17.6,4.6,1.1,0.578,0.6,0.543,1.0,0.257,0.5,0.322,0.9,0.5,1.4,0.8,0.477,0.1,0.3,0.28,0.6,1.9,0.293,0.0,0.1,0.2,0.3,1.0,0.253,NA
202694,Marcus Morris,Marcus,Morris,DET,79,32.5,14.0,1.8,0.529,0.5,0.474,4.5,0.391,4.7,0.395,1.1,0.5,4.1,5.7,0.477,1.7,4.0,0.417,2.3,6.2,0.378,0.1,0.5,0.209,1.4,4.0,0.347,NA
201565,Derrick Rose,Derrick,Rose,NYK,64,32.6,18.0,8.1,0.512,0.7,0.692,0.5,0.236,4.7,0.425,5.9,0.4,0.9,5.4,0.477,1.0,2.5,0.393,1.5,3.8,0.395,0.0,0.2,0.154,0.2,0.7,0.234,NA
201566,Russell Westbrook,Russell,Westbrook,OKC,80,34.8,31.9,7.8,0.48,0.4,0.344,2.3,0.366,10.9,0.372,5.0,0.4,2.2,12.4,0.477,2.3,6.4,0.357,3.5,9.4,0.373,0.6,1.9,0.284,1.9,5.3,0.366,NA
101150,Lou Williams,Lou,Williams,HOU,22,25.7,15.3,4.1,0.514,0.0,0.0,3.0,0.359,3.6,0.337,3.2,0.1,2.9,4.2,0.476,1.0,3.2,0.3,1.6,4.3,0.368,0.6,2.3,0.28,1.2,3.3,0.356,NA
203937,Kyle Anderson,Kyle,Anderson,SAS,70,14.2,3.4,0.8,0.453,0.5,0.696,0.7,0.352,0.2,0.25,0.8,0.3,0.8,0.5,0.475,0.1,0.3,0.35,0.3,1.0,0.3,0.0,0.1,0.75,0.1,0.5,0.303,NA
200751,Randy Foye,Randy,Foye,BKN,67,18.8,5.2,1.2,0.453,0.1,0.667,2.1,0.359,1.1,0.295,1.1,0.0,2.0,1.3,0.475,0.1,0.5,0.235,1.0,2.8,0.342,0.1,0.3,0.261,0.9,2.6,0.347,NA
101109,Raymond Felton,Raymond,Felton,LAC,79,21.3,6.8,2.5,0.497,0.1,0.286,1.2,0.364,2.0,0.346,2.2,0.1,1.1,2.6,0.475,0.3,1.0,0.275,1.0,2.8,0.376,0.1,0.4,0.188,0.5,1.4,0.357,NA
202498,Lance Thomas,Lance,Thomas,NYK,46,21.1,6.0,1.2,0.447,0.4,0.385,2.9,0.445,0.6,0.28,1.0,0.3,2.4,1.1,0.475,0.1,0.6,0.207,1.2,2.9,0.425,0.0,0.0,0.5,0.8,1.8,0.446,NA
2440,Matt Barnes,Matt,Barnes,SAC,54,25.3,7.6,0.6,0.325,0.9,0.647,3.4,0.328,0.6,0.295,0.7,0.6,3.6,0.8,0.474,0.1,0.4,0.167,1.4,4.1,0.345,0.1,0.4,0.158,1.2,3.6,0.344,NA
201587,Nicolas Batum,Nicolas,Batum,CHA,75,34.4,15.4,2.0,0.543,0.7,0.625,5.0,0.367,4.3,0.381,1.4,0.4,4.9,5.2,0.474,1.7,4.9,0.351,2.1,5.4,0.391,0.6,2.0,0.32,1.2,3.4,0.343,NA
2754,Tony Allen,Tony,Allen,MEM,70,27.2,9.1,1.9,0.424,2.2,0.497,1.0,0.325,0.1,0.095,2.0,2.0,1.2,0.3,0.473,0.0,0.2,0.067,0.4,1.3,0.304,0.0,0.1,0.0,0.2,0.7,0.306,NA
204456,T.J. McConnell,T.J.,McConnell,PHI,80,26.5,6.9,3.6,0.525,0.3,0.5,0.4,0.261,1.6,0.395,3.0,0.3,0.6,2.0,0.473,0.4,1.0,0.359,0.6,1.7,0.368,0.0,0.1,0.0,0.1,0.6,0.224,NA
201166,Aaron Brooks,Aaron,Brooks,IND,63,13.5,4.8,1.4,0.398,0.0,0.5,1.3,0.394,1.8,0.42,1.5,0.0,1.1,1.8,0.472,0.5,1.2,0.405,0.7,1.8,0.402,0.3,0.7,0.356,0.5,1.2,0.382,NA
203145,Kent Bazemore,Kent,Bazemore,ATL,72,27.0,11.0,2.2,0.36,0.7,0.615,3.1,0.35,2.7,0.394,2.1,0.5,3.1,3.1,0.471,0.5,1.4,0.347,1.8,4.9,0.377,0.1,0.4,0.276,1.1,3.2,0.352,NA
201571,D.J. Augustin,D.J.,Augustin,ORL,77,19.8,8.0,1.5,0.413,0.1,0.667,2.3,0.399,2.5,0.335,1.2,0.0,1.9,3.0,0.47,0.5,1.6,0.31,1.3,3.4,0.38,0.2,0.9,0.288,1.0,2.7,0.367,NA
1626147,Justin Anderson,Justin,Anderson,DAL,50,14.2,6.6,2.1,0.5,0.3,0.5,1.8,0.304,0.5,0.225,1.4,0.2,2.0,0.8,0.469,0.1,0.4,0.167,0.8,2.7,0.291,0.0,0.2,0.111,0.7,2.2,0.321,NA
1627789,Timothe Luwawu-Cabarrot,Timothe,Luwawu-Cabarrot,PHI,68,17.2,6.3,1.9,0.447,0.7,0.5,2.0,0.317,0.2,0.179,1.4,0.5,2.1,0.4,0.469,0.1,0.4,0.241,0.6,2.2,0.297,0.1,0.3,0.278,0.6,2.1,0.314,NA
202704,Reggie Jackson,Reggie,Jackson,DET,52,27.4,14.5,5.1,0.449,0.1,0.6,1.7,0.366,5.8,0.401,4.4,0.1,1.6,6.3,0.468,1.2,2.9,0.404,1.9,5.1,0.378,0.2,0.6,0.333,1.1,2.9,0.364,NA
203967,Dario Saric,Dario,Saric,PHI,81,26.3,12.8,2.9,0.515,1.6,0.6,4.1,0.322,1.1,0.276,2.1,1.0,4.5,1.8,0.468,0.1,0.8,0.197,1.9,5.8,0.321,0.0,0.4,0.138,1.2,3.8,0.327,NA
202329,Al-Farouq Aminu,Al-Farouq,Aminu,POR,61,29.1,8.7,2.0,0.377,0.9,0.667,3.6,0.352,0.4,0.308,1.7,0.5,3.5,0.6,0.467,0.2,0.5,0.375,1.2,3.7,0.336,0.1,0.2,0.308,1.1,3.3,0.33,NA
1626164,Devin Booker,Devin,Booker,PHX,76,35.0,21.7,4.1,0.41,0.5,0.515,4.3,0.358,6.6,0.387,3.1,0.4,4.4,7.7,0.467,2.2,6.1,0.356,2.5,6.4,0.39,0.4,1.2,0.305,1.4,3.9,0.364,NA
NA,Marcus Thornton,Marcus,Thornton,WAS,33,17.4,6.6,1.2,0.421,0.4,0.667,1.7,0.339,1.9,0.347,1.2,0.3,1.8,2.2,0.467,0.5,1.8,0.31,0.8,2.4,0.359,0.3,0.7,0.375,0.6,1.7,0.339,NA
201627,Anthony Morrow,Anthony,Morrow,TOTAL,48,14.8,5.5,0.9,0.548,0.1,0.6,3.0,0.359,0.8,0.321,0.6,0.1,3.0,1.2,0.466,0.7,1.8,0.381,0.8,2.5,0.322,0.2,0.7,0.273,0.6,2.1,0.313,NA
NA,Hollis Thompson,Hollis,Thompson,TOTAL,40,18.8,5.1,0.9,0.366,0.6,0.688,2.4,0.32,0.5,0.375,1.0,0.4,2.5,0.6,0.465,0.2,0.7,0.296,0.8,2.4,0.337,0.1,0.4,0.214,0.7,2.0,0.362,NA
201627,Anthony Morrow,Anthony,Morrow,OKC,40,15.7,5.8,0.8,0.577,0.2,0.6,3.2,0.351,0.8,0.319,0.6,0.1,3.4,1.2,0.464,0.7,1.8,0.378,0.8,2.7,0.315,0.2,0.7,0.25,0.7,2.3,0.308,NA
201147,Corey Brewer,Corey,Brewer,HOU,58,15.9,4.2,1.0,0.411,0.6,0.789,1.1,0.241,0.3,0.389,1.0,0.3,1.5,0.3,0.463,0.1,0.3,0.2,0.4,1.5,0.282,0.0,0.2,0.071,0.4,1.4,0.266,NA
203521,Matthew Dellavedova,Matthew,Dellavedova,MIL,75,26.1,7.6,1.9,0.401,0.2,0.571,2.6,0.385,1.9,0.366,2.0,0.2,2.3,2.3,0.463,0.5,1.3,0.406,1.3,3.5,0.364,0.1,0.4,0.379,0.9,2.4,0.361,NA
204025,Tim Frazier,Tim,Frazier,NOP,63,23.5,7.2,2.6,0.475,0.2,0.583,0.8,0.281,1.9,0.352,1.9,0.2,1.0,2.3,0.463,0.2,0.7,0.318,0.9,2.7,0.337,0.0,0.1,0.286,0.6,1.8,0.319,NA
1627827,Dorian Finney-Smith,Dorian,Finney-Smith,DAL,78,20.2,4.3,0.6,0.383,0.6,0.938,2.1,0.306,0.2,0.214,0.6,0.2,2.3,0.4,0.463,0.1,0.4,0.241,0.7,2.3,0.302,0.0,0.3,0.143,0.7,2.1,0.319,NA
2743,Kris Humphries,Kris,Humphries,ATL,54,12.1,4.6,0.4,0.4,0.8,0.464,1.5,0.352,0.1,0.4,0.3,0.5,1.7,0.2,0.463,0.1,0.2,0.231,0.7,1.8,0.385,0.0,0.0,0.0,0.3,0.9,0.375,NA
201936,Tyreke Evans,Tyreke,Evans,TOTAL,40,19.7,10.3,3.8,0.409,0.2,0.571,1.4,0.4,2.2,0.318,3.7,0.2,1.2,2.7,0.462,0.2,0.6,0.292,1.2,3.6,0.347,0.1,0.4,0.25,0.9,2.5,0.37,NA
201147,Corey Brewer,Corey,Brewer,TOTAL,80,15.5,4.4,1.2,0.432,0.4,0.789,1.0,0.243,0.3,0.357,1.1,0.2,1.4,0.4,0.46,0.1,0.4,0.258,0.4,1.4,0.264,0.0,0.2,0.062,0.3,1.3,0.257,NA
1627734,Domantas Sabonis,Domantas,Sabonis,OKC,79,20.0,5.8,0.7,0.433,0.8,0.455,2.5,0.357,0.2,0.429,0.8,0.8,2.7,0.2,0.46,0.1,0.2,0.235,1.0,2.8,0.364,0.0,0.1,0.2,0.6,1.9,0.333,NA
201943,Brandon Jennings,Brandon,Jennings,NYK,58,24.7,8.6,2.4,0.436,0.1,0.75,1.4,0.373,3.2,0.33,1.9,0.1,1.3,3.8,0.459,0.5,1.6,0.284,1.3,3.5,0.371,0.3,1.0,0.281,0.9,2.5,0.364,NA
2216,Zach Randolph,Zach,Randolph,MEM,72,24.6,14.1,0.6,0.357,3.5,0.648,2.1,0.338,0.9,0.352,0.8,2.5,2.8,1.3,0.459,0.2,0.8,0.211,1.7,4.7,0.361,0.0,0.1,0.0,0.3,1.2,0.241,NA
202397,Ish Smith,Ish,Smith,DET,80,24.0,9.2,3.5,0.466,0.0,0.667,0.8,0.369,3.4,0.404,3.1,0.0,0.8,4.2,0.459,0.6,1.4,0.435,1.4,3.7,0.384,0.1,0.2,0.316,0.2,1.0,0.253,NA
1626196,Josh Richardson,Josh,Richardson,MIA,51,30.0,9.9,2.0,0.412,0.2,0.714,3.8,0.319,2.4,0.415,1.9,0.1,4.2,2.6,0.458,0.9,2.3,0.378,1.5,4.5,0.345,0.3,0.9,0.333,1.0,3.1,0.333,NA
2548,Dwyane Wade,Dwyane,Wade,CHI,59,30.0,18.5,4.6,0.475,0.9,0.512,1.6,0.411,6.3,0.367,3.4,0.7,1.6,8.0,0.458,2.0,5.7,0.355,1.7,4.2,0.4,0.2,0.9,0.204,0.6,1.5,0.374,NA
203613,Jonathon Simmons,Jonathon,Simmons,SAS,76,18.0,6.2,2.2,0.457,0.3,0.588,1.1,0.319,1.1,0.325,1.7,0.2,1.2,1.7,0.456,0.2,0.7,0.214,0.8,2.1,0.36,0.0,0.1,0.091,0.4,1.2,0.315,NA
202323,Evan Turner,Evan,Turner,POR,64,25.6,9.1,2.3,0.5,0.4,0.667,1.3,0.273,3.2,0.405,1.8,0.2,1.7,3.9,0.455,0.9,2.2,0.394,1.2,3.5,0.348,0.0,0.1,0.5,0.5,1.8,0.254,NA
1627752,Taurean Prince,Taurean,Prince,ATL,57,16.4,5.5,1.6,0.341,0.4,0.769,1.6,0.379,0.6,0.298,1.4,0.2,1.5,0.8,0.452,0.2,0.5,0.29,0.7,1.9,0.358,0.1,0.3,0.158,0.5,1.4,0.372,NA
201228,C.J. Watson,C.J.,Watson,ORL,62,16.3,4.5,0.7,0.44,0.4,0.714,0.9,0.262,1.7,0.425,0.4,0.2,1.3,1.7,0.452,0.3,1.1,0.275,0.8,2.0,0.39,0.1,0.4,0.2,0.4,1.3,0.338,NA
1627835,Paul Zipser,Paul,Zipser,CHI,43,19.0,5.1,0.8,0.406,0.2,0.8,2.1,0.344,0.7,0.294,0.7,0.1,2.1,1.2,0.452,0.3,1.0,0.341,0.7,2.3,0.31,0.1,0.4,0.312,0.5,1.8,0.303,NA
200765,Rajon Rondo,Rajon,Rondo,CHI,68,26.8,7.8,3.0,0.468,0.1,0.308,2.1,0.398,1.2,0.282,3.0,0.2,1.9,2.1,0.451,0.2,0.8,0.308,1.1,3.3,0.342,0.1,0.2,0.267,0.6,1.7,0.379,NA
201937,Ricky Rubio,Ricky,Rubio,MIN,74,32.9,11.1,2.3,0.443,0.1,0.5,2.6,0.338,3.2,0.431,1.6,0.1,2.8,3.6,0.45,0.6,1.3,0.447,2.0,5.2,0.379,0.0,0.2,0.25,0.8,2.4,0.309,NA
1627785,Isaiah Whitehead,Isaiah,Whitehead,BKN,72,22.5,7.5,3.3,0.444,0.1,0.714,1.2,0.385,1.2,0.255,2.9,0.1,1.1,2.0,0.449,0.2,0.7,0.26,0.8,2.5,0.311,0.1,0.3,0.263,0.5,1.8,0.302,NA
2736,Luol Deng,Luol,Deng,LAL,56,26.5,7.6,1.1,0.483,0.6,0.364,2.3,0.301,1.2,0.265,1.0,0.6,2.6,2.0,0.447,0.4,1.4,0.26,1.0,3.5,0.294,0.2,0.5,0.37,0.7,2.5,0.297,NA
201936,Tyreke Evans,Tyreke,Evans,NOP,26,18.2,9.5,4.0,0.442,0.2,0.5,0.8,0.292,2.2,0.328,3.7,0.2,0.9,2.6,0.447,0.2,0.7,0.235,1.0,3.2,0.329,0.1,0.4,0.182,0.7,2.2,0.316,NA
1627742,Brandon Ingram,Brandon,Ingram,LAL,77,28.9,9.3,2.3,0.435,0.7,0.548,2.0,0.312,2.0,0.349,1.9,0.5,2.2,2.8,0.447,0.6,1.9,0.313,1.1,3.2,0.343,0.1,0.3,0.381,0.6,2.1,0.287,NA
1626178,Rondae Hollis-Jefferson,Rondae,Hollis-Jefferson,BKN,76,22.5,8.6,2.5,0.415,1.8,0.529,0.6,0.234,0.8,0.341,1.8,1.3,1.0,1.1,0.446,0.1,0.5,0.229,0.5,1.8,0.301,0.0,0.0,0.0,0.2,0.8,0.222,NA
202692,Alec Burks,Alec,Burks,UTA,41,15.8,6.8,1.9,0.365,0.3,0.556,1.4,0.365,1.8,0.41,1.5,0.2,1.3,2.0,0.445,0.4,1.0,0.372,0.9,2.3,0.385,0.0,0.2,0.1,0.6,1.6,0.354,NA
202688,Brandon Knight,Brandon,Knight,PHX,53,21.2,11.1,3.7,0.455,0.2,0.571,1.3,0.329,3.7,0.358,2.7,0.1,1.3,4.6,0.445,0.7,1.9,0.347,1.5,4.2,0.355,0.0,0.2,0.167,0.8,2.4,0.341,NA
1627755,Tyler Ulis,Tyler,Ulis,PHX,58,18.3,7.1,1.5,0.409,0.0,0.5,0.6,0.364,4.2,0.429,1.5,0.0,0.6,4.7,0.444,0.6,1.5,0.409,1.6,3.8,0.425,0.0,0.1,0.0,0.3,1.1,0.277,NA
201145,Jeff Green,Jeff,Green,ORL,69,22.1,9.2,1.9,0.414,0.8,0.742,2.2,0.306,1.5,0.318,1.4,0.4,2.5,2.2,0.442,0.4,1.2,0.341,1.1,3.7,0.306,0.0,0.2,0.273,0.7,2.6,0.275,NA
201943,Brandon Jennings,Brandon,Jennings,TOTAL,80,22.1,7.2,1.9,0.416,0.1,0.75,1.3,0.385,2.7,0.315,1.6,0.0,1.1,3.4,0.438,0.4,1.4,0.284,1.1,3.2,0.358,0.2,0.9,0.282,0.7,2.2,0.339,NA
1626168,Trey Lyles,Trey,Lyles,UTA,70,16.4,6.3,1.4,0.416,0.2,0.278,2.8,0.349,0.7,0.265,1.3,0.3,2.8,1.2,0.438,0.2,0.8,0.211,1.1,3.2,0.345,0.1,0.3,0.25,0.9,2.6,0.326,NA
1626179,Terry Rozier,Terry,Rozier,BOS,73,17.3,5.6,1.0,0.354,0.2,0.727,1.9,0.377,1.3,0.303,1.1,0.2,1.8,1.8,0.437,0.2,0.8,0.246,1.0,2.8,0.364,0.1,0.4,0.226,0.7,2.0,0.338,NA
1627758,Ron Baker,Ron,Baker,NYK,51,16.3,4.1,0.8,0.333,0.2,0.375,1.1,0.282,0.7,0.32,0.9,0.2,1.4,1.0,0.427,0.1,0.6,0.219,0.6,1.8,0.322,0.0,0.3,0.143,0.4,1.4,0.29,NA
1626144,Emmanuel Mudiay,Emmanuel,Mudiay,DEN,54,25.5,11.0,3.9,0.417,0.5,0.565,2.6,0.364,1.6,0.253,3.0,0.4,2.4,2.9,0.426,0.5,1.6,0.321,1.1,3.8,0.3,0.2,0.6,0.355,0.8,2.6,0.303,NA
203935,Marcus Smart,Marcus,Smart,BOS,78,30.4,10.6,1.6,0.326,1.2,0.507,3.0,0.309,1.6,0.303,1.7,1.0,3.3,2.4,0.422,0.6,1.8,0.307,1.2,4.0,0.305,0.2,0.9,0.243,1.0,3.3,0.293,NA
1626169,Stanley Johnson,Stanley,Johnson,DET,76,17.8,4.5,0.9,0.481,0.0,0.2,1.6,0.303,1.2,0.321,0.7,0.1,1.7,1.8,0.421,0.3,0.8,0.365,0.9,2.8,0.307,0.0,0.1,0.222,0.6,1.9,0.303,NA
201196,Ramon Sessions,Ramon,Sessions,CHA,50,16.2,6.2,2.9,0.387,0.3,0.75,1.0,0.315,1.2,0.329,2.1,0.2,1.1,1.6,0.42,0.2,0.9,0.273,0.6,1.8,0.344,0.0,0.1,0.167,0.4,1.1,0.357,NA
1626209,Mario Hezonja,Mario,Hezonja,ORL,64,14.7,4.8,0.9,0.417,0.1,0.5,2.0,0.315,0.9,0.305,0.8,0.1,2.3,1.3,0.416,0.3,1.0,0.323,0.8,2.7,0.293,0.1,0.4,0.292,0.5,1.8,0.291,NA
1627739,Kris Dunn,Kris,Dunn,MIN,76,16.9,3.7,0.8,0.383,0.1,0.286,0.6,0.29,1.2,0.352,0.8,0.1,0.8,1.6,0.412,0.2,0.7,0.353,0.6,1.8,0.328,0.0,0.1,0.2,0.3,0.9,0.303,NA
NA,Rodney Stuckey,Rodney,Stuckey,IND,39,17.8,7.2,1.9,0.393,0.3,0.6,1.2,0.327,2.0,0.35,1.4,0.1,1.3,2.6,0.412,0.6,1.9,0.329,0.7,2.1,0.349,0.2,0.4,0.471,0.3,1.1,0.256,NA
1627098,Malcolm Delaney,Malcolm,Delaney,ATL,71,17.1,5.3,0.7,0.352,0.1,0.667,0.9,0.264,2.5,0.408,0.8,0.0,1.3,3.0,0.407,0.5,1.6,0.319,1.1,2.7,0.404,0.0,0.3,0.13,0.3,1.2,0.268,NA
202718,Chandler Parsons,Chandler,Parsons,MEM,34,19.8,6.2,1.4,0.419,0.4,0.6,1.9,0.264,1.0,0.255,1.3,0.3,2.6,1.6,0.394,0.4,1.5,0.235,0.8,2.9,0.268,0.1,0.6,0.105,0.7,2.2,0.311,NA
203487,Michael Carter-Williams,Michael,Carter-Williams,CHI,44,19.1,6.8,3.0,0.436,0.4,0.529,1.0,0.258,0.8,0.225,2.7,0.4,1.4,1.6,0.391,0.2,0.9,0.22,0.5,2.1,0.247,0.0,0.1,0.25,0.3,1.4,0.233,NA
1626150,Andrew Harrison,Andrew,Harrison,MEM,71,20.4,5.9,2.4,0.376,0.1,0.333,1.1,0.277,1.2,0.268,1.5,0.1,1.3,1.8,0.386,0.1,0.6,0.163,0.8,2.6,0.299,0.0,0.2,0.214,0.6,2.0,0.288,NA
203902,Semaj Christon,Semaj,Christon,OKC,62,14.9,2.8,0.9,0.407,0.1,0.444,0.5,0.208,0.8,0.329,1.0,0.1,0.8,1.2,0.371,0.3,0.9,0.298,0.3,1.1,0.261,0.0,0.2,0.091,0.2,0.8,0.204,NA
1626159,Justise Winslow,Justise,Winslow,MIA,18,34.7,10.9,3.3,0.365,0.8,0.8,1.4,0.213,1.7,0.3,4.1,0.6,2.6,2.8,0.371,0.4,1.2,0.318,1.1,4.3,0.244,0.1,0.2,0.25,0.3,1.6,0.207,NA
